Temperature,Humidity,Light,CO2,HumidityRatio,Occupancy,Occupied
140,23.7,26.272,585.2,749.2,0.004764163,1
141,23.718,26.29,578.4,760.4,0.004772661,1
142,23.73,26.23,572.6666667,769.6666667,0.004765153,1
143,23.7225,26.125,493.75,774.75,0.004743773,1
144,23.754,26.2,488.6,779,0.004766594,1
145,23.76,26.26,568.6666667,790,0.004779332,1
146,23.73,26.29,536.3333333,798,0.004776136,1
147,23.754,26.29,509,797,0.004783094,1
148,23.754,26.35,476,803.2,0.004794094,1
149,23.736,26.39,510,809,0.004796189,1
150,23.745,26.445,481.5,815.25,0.004808886,1
151,23.7,26.56,481.8,824,0.004816793,1
152,23.7,26.6,475.25,832,0.004824104,1
153,23.7,26.7,469,845.3333333,0.004842381,1
154,23.7,26.774,464,852.4,0.004855906,1
155,23.7,26.89,464,861,0.00487711,1
156,23.7,26.9725,455,880,0.004892191,1
157,23.6,26.89,454,891,0.004847594,1
158,23.64,26.976,458,897.6,0.004875045,1
159,23.65,27.05,464,900.5,0.004891492,1
160,23.64,27.1,473,908.8,0.00489763,1
161,23.6,27.16,464,918,0.004896652,1
162,23.6,27.236,498.4,925.2,0.004910462,1
163,23.6,27.29,530.2,929.4,0.004920275,1
164,23.6,27.33,533.6,936.4,0.004927544,1
165,23.6,27.34,524.25,950,0.004929361,1
166,23.625,27.3925,498.6666667,961,0.004946406,1
167,23.6,27.39,516.3333333,963,0.004938448,1
168,23.6,27.412,501.2,958.6,0.004942446,1
169,23.6,27.5,522,965.3333333,0.004958439,1
170,23.6,27.525,520.5,979.25,0.004962982,1
171,23.6,27.6,505.2857143,978.4285714,0.004976614,1
172,23.6,27.6,488.3333333,983,0.004976614,1
173,23.6,27.54,512,992.6,0.004965709,1
174,23.6,27.6,511,997.2,0.004976614,1
175,23.61666667,27.63333333,501.5,999.5,0.004987718,1
176,23.66666667,27.7,503.6666667,1001,0.005015051,1
177,23.6,27.7,483.1666667,1009.5,0.00499479,1
178,23.6,27.7225,483.5,1019,0.004998879,1
179,23.6,27.79,473,1021,0.005011149,1
180,23.6,27.85666667,470.3333333,1024.666667,0.005023268,1
181,23.6,27.80428571,480.1428571,1030.428571,0.005013746,1
182,23.575,27.79,464,1026.25,0.005003545,1
183,23.54,27.81,474.4,1028,0.004996538,1
184,23.6,27.978,470,1034.8,0.005045325,1
185,23.525,28,454,1055.5,0.005026367,1
186,23.5,27.978,454,1055.25,0.00501476,1
187,23.5,28,454,1050,0.005018735,1
188,23.5,28,454,1051.25,0.005018735,1
189,23.5,28,445,1053.6,0.005018735,1
190,23.5,28,439,1055.5,0.005018735,1
191,23.5,28.025,444.25,1055,0.005023252,1
192,23.445,28.125,454.75,1059.5,0.005024491,1
193,23.39,28.18,455.8,1060,0.005017582,1
194,23.39,28.2,451.6,1073.6,0.005021172,1
195,23.39,28.2,451.6,1078.6,0.005021172,1
196,23.39,28.2,454.75,1081,0.005021172,1
197,23.39,28.2225,454.75,1082,0.005025211,1
198,23.39,28.37333333,457.5,1088.833333,0.005052286,1
199,23.37,28.39,464,1090.6,0.00504913,1
200,23.39,28.32333333,464,1086,0.00504331,1
201,23.37333333,28.445,464,1092.5,0.005060017,1
202,23.39,28.5,471.5,1103.75,0.005075025,1
203,23.32333333,28.5,475.6666667,1104.5,0.005054476,1
204,23.365,28.5,471.5,1103.5,0.00506731,1
205,23.29,28.5,467.75,1112,0.005044229,1
206,23.30666667,28.53333333,466.5,1105.666667,0.005055304,1
207,23.29,28.7,464,1104,0.005079916,1
208,23.29,28.7,467,1117.2,0.005079916,1
209,23.29,28.675,467.75,1121.25,0.005075455,1
210,23.29,28.61666667,466.5,1115.666667,0.005065046,1
211,23.29,28.66,459,1120,0.005072779,1
212,23.29,28.55,464,1123.75,0.005053151,1
213,23.29,28.6,470,1116,0.005062072,1
214,23.272,28.6,464,1126.8,0.005056527,1
215,23.2,28.4175,464,1112.75,0.005002016,1
216,23.23,28.5,449,1104.5,0.005025831,1
217,23.29,28.5,464,1108,0.005044229,1
218,23.215,28.63333333,462.3333333,1127.833333,0.005044923,1
219,23.2,28.6,469,1128.75,0.005034399,1
220,23.2,28.65,469,1124.25,0.005043272,1
221,23.2,28.62,469,1130.4,0.005037948,1
222,23.2,28.7,464,1138,0.005052145,1
223,23.2,28.7,456.5,1144,0.005052145,1
224,23.2,28.718,457,1140,0.005055339,1
225,23.2,28.79,450.25,1139.25,0.005068117,1
226,23.2,28.79,446,1167.333333,0.005068117,1
227,23.14,28.79,451.6,1159.6,0.005049618,1
228,23.15,28.89,454.75,1157.75,0.005070391,1
229,23.15,28.89,448,1159.5,0.005070391,1
230,23.18,28.83,444,1156.4,0.005069034,1
231,23.11666667,28.945,444,1160,0.005069809,1
232,23.14,28.956,444,1169.8,0.005078972,1
233,23.1,29,444,1176.166667,0.005074362,1
234,23.1,29.075,444,1175.25,0.005087593,1
235,23.1,28.918,444,1166.6,0.005059897,1
236,23.1,27.925,444,1140.25,0.004884784,1
237,23.06,27.772,444,1089.2,0.004845979,1
238,23.02,27.556,435,1042.6,0.004796284,1
239,23.01,27.81883333,432,1051.1,0.004839435,1
240,23,28.08166667,429,1059.6,0.004882538,1
241,23,27.956,429,1064.6,0.004860518,1
242,22.98166667,27.90833333,429,1061.666667,0.004846741,1
243,23,27.92666667,429,1058.333333,0.004855378,1
244,23,28.018,429,1061.6,0.004871382,1
245,22.98166667,28.06666667,429,1070.333333,0.004874454,1
246,22.945,28.1,429,1074,0.004869381,1
247,23,28.1,429,1086.25,0.004885751,1
248,22.956,28.2,429,1089.6,0.004890128,1
249,22.9725,28.1,429,1085,0.00487756,1
250,22.945,28.13333333,429,1085,0.004875203,1
251,23,28.2,429,1088,0.004903275,1
252,22.945,28.2,429,1091.75,0.004886846,1
253,23,28.13333333,429,1091.333333,0.004891592,1
254,22.912,28.1,429,1088.2,0.004859583,1
255,22.89,28.1,429,1087.5,0.00485306,1
256,22.89,27.956,432,1079.2,0.004827998,1
257,22.865,27.84,432.75,1077.25,0.004800476,1
258,22.87333333,27.68333333,439,1064.166667,0.004775684,1
259,22.87333333,27.6,429,1056.4,0.004761198,1
260,22.89,27.6,432.75,1043.6,0.004766045,1
261,22.815,27.445,432.75,1039.5,0.004717422,1
262,22.84,27.37333333,436.5,1028.666667,0.0047122,1
263,22.79,27.365,438,1020.4,0.00469639,1
264,22.79,27.2,444,1018,0.004667861,1
265,22.79,27.17142857,435.4285714,1015.142857,0.004662921,1
266,22.79,27.06666667,434,1006.333333,0.004644808,1
267,22.79,27.02,432,1002.6,0.00463674,1
268,22.772,26.934,438,993.2,0.004616793,1
269,22.76,26.82333333,439,983.3333333,0.004594315,1
270,22.7,26.754,432,976.2,0.004565583,1
271,22.7225,26.7,432.75,980.75,0.004562569,1
272,22.7,26.68333333,434,971.3333333,0.004553435,1
273,22.7,26.53333333,444,966.6666667,0.004527652,1
274,22.7,26.46333333,444,963,0.00451562,1
275,22.7,26.445,441.5,952.3333333,0.004512469,1
276,22.7,26.34,444,948,0.004494423,1
277,22.7,26.26,444,945,0.004480674,1
278,22.7,26.2,441,941.6,0.004470363,1
279,22.7,26.16,438,929.8,0.004463489,1
280,22.7,26.02,441,923.8,0.004439431,1
281,22.7,26.1,440.25,919,0.004453178,1
282,22.7,26,439,918.25,0.004435995,1
283,22.7,25.934,438,919.4,0.004424654,1
284,22.7,25.92666667,439,927.3333333,0.004423394,1
285,22.7,25.815,432.75,920.25,0.004404207,1
286,22.68,25.772,432,902.4,0.004391449,1
287,22.64,25.696,429,904.4,0.004367718,1
288,22.6,25.575,429,897,0.00433639,1
289,22.66666667,25.6,429,892,0.004358383,1
290,22.6,25.525,433.5,882.5,0.004327853,1
291,22.62,25.476,436.2,887.2,0.004324772,1
292,22.625,25.55,442.5,889.25,0.004338748,1
293,22.6,25.39,443.4,889.2,0.004304805,1
294,22.65,25.42,438,880.75,0.00432312,1
295,22.6,25.2675,442.5,868.75,0.004283893,1
296,22.6,25.218,439.8,861,0.004275443,1
297,22.6,25.2,439.8,860.6,0.00427237,1
298,22.6,25.2,435.5,864,0.00427237,1
299,22.6,25.15,430.75,859,0.004263835,1
300,22.6,25.14,440.6,854.4,0.004262128,1
301,22.6,25.15,428.2,847.4,0.004263835,1
302,22.6,25.04,432.2,837.2,0.004245059,1
303,22.6,25.05,431.75,834.75,0.004246766,1
304,22.6,25.06,429.2,832.4,0.004248472,1
305,22.6,25,433,832,0.004238231,1
306,22.6,25,433,836.25,0.004238231,1
307,22.6,25,428.2,832.6,0.004238231,1
308,22.6,25.025,428.25,821.5,0.004242498,1
309,22.6,25.1,425.4,832.4,0.0042553,1
310,22.6,25.08,429.2,832.4,0.004251886,1
311,22.56,25.02,433,830.75,0.004231284,1
312,22.58,25.08,433,821.5,0.00424669,1
313,22.575,25.075,433,818.25,0.00424454,1
314,22.56,24.912,433,819.8,0.004212896,1
315,22.55,25.2,433,822.5,0.004259328,1
316,22.6,24.9175,433,818,0.00422415,1
317,22.58,25.06,433,812.8,0.004243281,1
318,22.56666667,24.90833333,433,816.5,0.004213989,1
319,22.525,24.945,433,822.25,0.004209495,1
320,22.54,24.89,433,825,0.004204006,1
321,22.5,24.865,433,816.5,0.004189492,1
322,22.5,24.9175,433,811.5,0.004198397,1
323,22.5,24.91166667,433,811,0.004197408,1
324,22.56,24.81,433,812.2,0.00419553,1
325,22.525,24.89,426,814.25,0.004200151,1
326,22.52,24.976,430.2,824,0.004213473,1
327,22.575,25.075,433,834.5,0.00424454,1
328,22.6,25,433,837,0.004238231,1
329,22.6,25.02142857,433,841.1666667,0.004241889,1
330,22.6,25.04285714,433,845.3333333,0.004245546,1
331,22.6,25.1,433,854.75,0.0042553,1
332,22.6,25.1,428.3333333,850.3333333,0.0042553,1
333,22.6,25.08,424.6,845.4,0.004251886,1
334,22.6,25.16666667,433,854.3333333,0.00426668,1
335,22.6,25.06666667,428.3333333,849.3333333,0.00424961,0
336,22.6,25.2,422.5,853,0.00427237,0
337,22.6,25.2,423.6666667,853,0.00427237,0
338,22.54,25.16,424.6,852,0.004249921,0
339,22.54,25.16,427.4,853.6,0.004249921,0
340,22.54,25.14,421.8,845.6,0.00424652,0
341,22.525,25.1,426,834.25,0.004235829,0
342,22.5,25.04,421.8,826.4,0.004219178,0
343,22.5,25,419,819.6,0.004212392,0
344,22.5,25,419,829.6,0.004212392,0
345,22.5,25,419,824,0.004212392,0
346,22.5,24.912,419,814.2,0.004197464,0
347,22.5,24.89,419,813.5,0.004193733,0
348,22.5,24.89,419,813.8,0.004193733,0
349,22.5,24.89,419,811,0.004193733,0
350,22.478,24.87,419,804.6,0.004184704,0
351,22.456,24.83,419,807.8,0.004172308,0
352,22.5,24.85666667,419,802.3333333,0.004188079,0
353,22.4175,24.7475,419,796.75,0.004148566,0
354,22.456,24.81,419,794.4,0.004168925,0
355,22.39,24.7,419,790.6,0.004133586,0
356,22.4175,24.7225,419,789.75,0.004144348,0
357,22.39,24.7,419,782.2,0.004133586,0
358,22.39,24.7225,419,772.25,0.004137377,1
359,22.39,24.71708333,419,772.925,0.004136464,1
360,22.39,24.71166667,419,773.6,0.004135552,1
361,22.39,24.625,419,773.75,0.004120952,1
362,22.39,24.754,416.2,771.8,0.004142684,1
363,22.39,24.912,418.6,782.8,0.004169303,1
364,22.39,25.245,415,796.5,0.004225413,1
365,22.39,25.0925,310.25,809,0.004199716,1
1177,20.29,22.79,217.2,441.6,0.003349002,1
1178,20.29,22.85666667,413.6666667,442.6666667,0.003358851,1
1179,20.29,22.956,433,445.6,0.003373528,1
1180,20.29,23,419,453,0.003380029,0
1181,20.315,23.1,419,459.25,0.003400083,0
1182,20.29,23.2,419,470.4,0.003409582,0
1183,20.31,23.2,416.2,466,0.003413822,0
1184,20.31,23.2,415,470.8,0.003413822,1
1185,20.33,23.2,412.2,476.6,0.003418066,1
1186,20.39,23.2,412.2,473,0.003430829,1
1187,20.365,23.245,413.5,473,0.003432187,1
1188,20.39,23.34,403.5,479.75,0.003451647,1
1189,20.39,23.434,397.4,494.2,0.003465625,1
1190,20.39,23.5,399.5,498.75,0.003475441,1
1191,20.39,23.66,397.4,501,0.003499236,1
1192,20.39,23.7,398.3333333,507,0.003505185,1
1193,20.39,23.7,399.5,518,0.003505185,1
1194,20.445,23.8175,403,520,0.003534713,1
1195,20.5,23.89,407.6666667,523.6666667,0.003557659,1
1196,20.5,23.978,412.2,525.2,0.003570839,1
1197,20.5,24.03333333,413,531.3333333,0.003579127,1
1198,20.5,24.1,414,538,0.003589112,1
1199,20.5,24.1,412.2,536.4,0.003589112,1
1200,20.5,24.1,413,538.3333333,0.003589112,1
1201,20.5,24.18,412.2,541,0.003601095,1
1202,20.52,24.236,407.4,549.6,0.003613966,1
1203,20.5,24.32333333,407,555.1666667,0.003622566,1
1204,20.5,24.39,405,561.5,0.003632553,1
1205,20.5,24.39,405,569,0.003632553,1
1206,20.56,24.39,405,568.2,0.003646103,1
1207,20.55,24.39,412,572,0.003643841,1
1208,20.55,24.39,416.6666667,573.1666667,0.003643841,1
1209,20.58,24.39,419,583,0.003650629,1
1210,20.6,24.39,419,585,0.003655161,1
1211,20.66666667,24.39,419,584.6666667,0.003670301,1
1212,20.7,24.37,419,584.8,0.003674858,1
1213,20.7,24.39,419,591.4,0.003677892,1
1214,20.7,24.39,419,594.3333333,0.003677892,1
1215,20.7,24.39,419,600.5,0.003677892,1
1216,20.736,24.39,419,601.4,0.003686106,1
1217,20.73,24.39,419,606,0.003684736,1
1218,20.7,24.5,419,608.75,0.003694578,1
1219,20.754,24.5,419,616.8,0.003706961,1
1220,20.79,24.5,419,624.2,0.003715237,1
1221,20.772,24.52,419,625.6,0.003714144,1
1222,20.7675,24.6,419,628.75,0.003725296,1
1223,20.754,24.66,419,635.2,0.003731315,1
1224,20.772,24.7,419,640.8,0.003741574,1
1225,20.79,24.7,421.8,642.4,0.003745748,1
1226,20.79,24.7,422.5,643.25,0.003745748,1
1227,20.79,24.736,427.4,643.6,0.00375124,1
1228,20.79,24.79,433,645.25,0.003759479,1
1229,20.775,24.79,433,652.6666667,0.003755987,1
1230,20.79,24.79,433,658,0.003759479,1
1231,20.79,24.79,433,665.5,0.003759479,1
1232,20.79,24.79,433,666.3333333,0.003759479,1
1233,20.79,24.79,433,666.5,0.003759479,1
1234,20.79,24.79,433,668.2,0.003759479,1
1235,20.79,24.79,433,668,0.003759479,1
1236,20.79,24.79,433,672.6666667,0.003759479,1
1237,20.79,24.79,433,672.75,0.003759479,1
1238,20.79,24.79,433,679.2,0.003759479,1
1239,20.815,24.815,433,683.5,0.003769124,1
1240,20.79,24.79,440,688.5,0.003759479,1
1241,20.84,24.84,434.5,686,0.00377879,1
1242,20.79,24.79,435.5,689.75,0.003759479,1
1243,20.89,24.89,443.4,700,0.003798181,1
1244,20.83,24.83,439.8,697.6,0.003774921,1
1245,20.87,24.87,439.8,695.8,0.003790415,1
1246,20.89,24.87333333,441,697.3333333,0.003795622,1
1247,20.89,24.89,442.5,701.25,0.003798181,1
1248,20.87333333,24.84,441,700.6666667,0.003786596,1
1249,20.87333333,24.775,441,694.8333333,0.003776628,1
1250,20.89,24.84,442.5,709.75,0.003790505,1
1251,20.89,24.85666667,435,715,0.003793064,1
1252,20.89,24.82333333,435,715.8333333,0.003787946,1
1253,20.89,24.79,429,713.8,0.003782829,1
1254,20.92666667,24.79,429,709,0.003791422,1
1255,20.89,24.85,429,716.2,0.00379204,1
1256,20.89,24.89,429,716.1666667,0.003798181,1
1257,20.89,24.945,432.75,725,0.003806626,1
1258,20.89,24.9175,429,725,0.003802403,1
1259,20.89,24.978,435,727.6,0.003811692,1
1260,20.89,25,435,729.4,0.00381507,1
1261,20.89,25,441,730.8,0.00381507,1
1262,20.89,25,438,731.2,0.00381507,1
1263,20.9175,25,444,736.25,0.003821569,1
1264,20.978,25,441,741,0.003835901,1
1265,21,24.96333333,444,742.3333333,0.003835456,1
1266,21,24.912,444,742.4,0.00382752,1
1267,21.025,24.89,444,746.75,0.003830036,1
1268,21.075,24.89,444,745,0.003841893,1
1269,21.1,24.89,444,742,0.003847834,1
1270,21.1,24.89,444,740.8,0.003847834,1
1271,21.13333333,24.82333333,444,747.3333333,0.003845377,0
1272,21.16666667,24.85833333,444,745.5,0.00385877,0
1273,21.2,25.16333333,444,752.6666667,0.003914464,1
1274,21.175,25.04041667,446.6666667,751.5,0.003889213,1
1275,21.15,24.9175,449.3333333,750.3333333,0.003864032,1
1276,21.18333333,25.19833333,454.6666667,754.3333333,0.00391591,1
1277,21.2,25.34,448,765.75,0.003942121,1
1278,21.2,25.3925,454.75,782,0.00395034,1
1279,21.23,25.445,453,786.6666667,0.003965901,1
1280,21.254,25.578,451.6,792,0.003992676,1
1281,21.2,25.76333333,453,800.3333333,0.004008403,1
1282,21.2,25.89,454.75,804.3333333,0.004028238,1
1283,21.2,26.05,449.5,815.2,0.004053295,1
1284,21.2,26.1,460,829.75,0.004061126,1
1285,21.2,26.15714286,442,837.1666667,0.004070075,1
1286,21.2,26.245,439,849,0.004083836,1
1287,21.2,26.29,439,853.5,0.004090884,1
1288,21.218,26.31,439,863.4,0.004098571,1
1289,21.236,26.412,442,864.4,0.004119143,1
1290,21.23,26.49833333,449,871.8333333,0.004131165,1
1291,21.2225,26.525,454,872.25,0.004133435,1
1292,21.245,26.58333333,454,876.6666667,0.004148347,1
1293,21.26,26.56666667,454,890.3333333,0.004149571,1
1294,21.29,26.68333333,454,895.1666667,0.004175644,1
1295,21.29,26.76,454,901,0.004187722,1
1296,21.29,26.79,454,910.25,0.004192449,1
1297,21.315,26.7675,454,918.5,0.004195374,1
1298,21.30666667,26.79,454,923.1666667,0.004196765,1
1299,21.31,26.79,454,926.75,0.004197629,1
1300,21.35666667,26.79,454,925.5,0.004209738,1
1301,21.31,26.83,463,927.6,0.004203939,1
1302,21.29,26.89,457.75,935,0.004208204,1
1303,21.35,26.934,463,932,0.004230778,1
1304,21.34,26.945,464,935.75,0.004229906,1
1305,21.315,27,469,946.75,0.004232063,1
1306,21.39,27,461,952,0.004251699,1
1307,21.39,27.1,462.3333333,959.3333333,0.004267554,1
1308,21.39,27.08,461,967,0.004264383,1
1309,21.39,27.1,464,969,0.004267554,1
1310,21.4175,27.22,464,982.5,0.00429386,1
1311,21.42666667,27.23,462.3333333,983,0.004297878,1
1312,21.412,27.272,453,985.4,0.00430066,1
1313,21.456,27.33,453,996.2,0.004321584,1
1314,21.48166667,27.35666667,449,1004.5,0.004332683,1
1315,21.5,27.312,458,1004.4,0.004330452,1
1316,21.5,27.315,460.25,1009.25,0.004330931,1
1317,21.54,27.718,461,1019,0.004406134,1
1318,21.55,27.5,464,1034.25,0.004373932,1
1319,21.6,27.46333333,464,1035.333333,0.004381539,1
1320,21.6,27.46333333,464,1031,0.004381539,1
1321,21.6,27.4725,467.75,1028.25,0.004383012,1
1322,21.6,27.456,473,1030,0.004380361,1
1323,21.6,27.5,479,1032.25,0.00438743,1
1324,21.6,27.6,479,1033.5,0.004403497,1
1325,21.6,27.54,479,1045,0.004393857,1
1326,21.6,27.525,474,1040.25,0.004391447,1
1327,21.6,27.56666667,472.3333333,1044,0.004398142,1
1328,21.625,27.625,477.75,1041.25,0.004414309,1
1329,21.64,27.716,476,1045.8,0.004433048,1
1330,21.66,27.83,479,1054.2,0.0044569,1
1331,21.68333333,27.84,474,1054.8,0.004464925,1
1332,21.65,27.84,474,1069.8,0.004455767,1
1333,21.7,27.84,474,1073.666667,0.00446951,1
1334,21.7,27.912,474,1073.4,0.004481152,1
1335,21.7,28.0725,474,1076.75,0.004507106,1
1336,21.7,27.9675,474,1086.75,0.004490127,1
1337,21.7,27.89333333,484,1086.666667,0.004478133,1
1338,21.7,27.945,479,1078.833333,0.004486488,1
1339,21.7,27.912,483,1077.6,0.004481152,1
1340,21.7,27.9725,489,1080.5,0.004490935,1
1341,21.7,27.9175,489,1088.75,0.004482041,1
1342,21.7,27.89,489,1083.666667,0.004477594,1
1343,21.7,27.85666667,482,1076.166667,0.004472204,1
1344,21.7,27.934,480.6,1079.4,0.004484709,1
1345,21.7,28.1,495.25,1088,0.004511553,1
1346,21.7,27.90833333,484.8333333,1092.5,0.004480559,1
1347,21.7,27.96166667,484,1094.666667,0.004489183,1
1348,21.718,27.974,484,1091.4,0.004496158,1
1349,21.7,28.1,484,1101.666667,0.004511553,1
1350,21.79,28.06666667,484,1111,0.004531198,1
1351,21.718,28.1,484,1119.4,0.004516557,1
1352,21.76,28.08333333,484,1122.5,0.004525545,1
1353,21.7675,28.125,495.25,1127.5,0.004534401,1
1354,21.73,28.13333333,499,1131,0.004525296,1
1355,21.775,28.05,499,1127.833333,0.00452431,1
1356,21.77714286,28.08571429,499,1128.857143,0.00453071,1
1357,21.79,28.125,499,1123.5,0.004540685,1
1358,21.79,28.158,490.6,1127.8,0.004546051,1
1359,21.79,28.26,502,1148.666667,0.00456264,1
1360,21.84,28.1,493,1151.5,0.004550598,1
1361,21.82333333,28.13333333,493,1142.333333,0.004551366,1
1362,21.87,28.252,493,1142,0.004583846,1
1363,21.89,28.18333333,495.6666667,1146,0.004578251,1
1364,21.89,28.254,499.4,1142.2,0.004589815,1
1365,21.89,28.29,509,1159.8,0.004595706,1
1366,21.89,28.31,500.6,1168,0.004598979,1
1367,21.89,28.37571429,506.4285714,1181.142857,0.004609734,1
1368,21.89,28.39,510,1180,0.004612072,1
1369,21.89,28.37571429,503,1183.714286,0.004609734,1
1370,21.89,28.30666667,503,1189.666667,0.004598434,1
1371,21.89,28.315,503,1190,0.004599797,1
1372,21.89,28.31,512,1178.8,0.004598979,1
1373,21.89,28.365,518,1173,0.00460798,1
1374,21.912,28.37,518,1170.6,0.004615038,1
1375,21.89,28.39,518,1178.6,0.004612072,1
1376,21.89,28.445,513,1193.5,0.004621073,1
1377,21.89,28.445,513,1201.5,0.004621073,1
1378,21.89,28.5,511.3333333,1189.666667,0.004630075,1
1379,21.89,28.33,518.2,1190.4,0.004602252,1
1380,21.90833333,28.30833333,513,1172.666667,0.004603894,1
1381,21.945,28.29,513,1177.75,0.004611274,1
1382,21.934,28.29,519,1184.8,0.004608157,1
1383,22,28.29,528,1188.25,0.004626889,1
1384,21.98166667,28.29,528,1189.5,0.004621679,1
1385,21.945,28.29,528,1191.5,0.004611274,1
1386,21.978,28.29,532.8,1193,0.004620638,1
1387,22,28.29,534.25,1190,0.004626889,1
1388,22,28.29,528,1198.5,0.004626889,1
1389,22,28.2,523,1198,0.00461206,1
1390,22,28.218,526,1194.2,0.004615026,1
1391,22,28.2225,534.25,1185,0.004615767,1
1392,22,28.2675,538,1194,0.004623182,1
1393,22.025,28.2575,538,1193.125,0.004628639,1
1394,22.06,28.274,538,1190.4,0.00464133,1
1395,22.05,28.34,532.25,1192.25,0.004649389,1
1396,22.1,28.39,547.5,1200.5,0.004671979,1
1397,22.08,28.37,544.2,1198.6,0.004662932,1
1398,22.1,28.39,536.3333333,1197,0.004671979,1
1399,22.1,28.365,535,1197.5,0.004667834,1
1400,22.06,28.35,534.2,1203,0.004653899,1
1401,22.1,28.39,533.6666667,1206.5,0.004671979,1
1402,22.08333333,28.35833333,533.6666667,1207.166667,0.004661954,1
1403,22.1,28.39,535,1213,0.004671979,1
1404,22.1,28.35666667,547,1211.5,0.004666452,1
1405,22.1,28.372,553.4,1208.2,0.004668994,1
1406,22.1,28.2,550.5,1209.25,0.004640478,1
1407,22.1,28.2,543.6666667,1201.666667,0.004640478,1
1408,22.15,28.1,550.75,1189.75,0.004638116,1
1409,22.1,28.2,555,1191,0.004640478,1
1410,22.11666667,28.06666667,555,1192.166667,0.004623103,1
1411,22.16666667,28,557.6666667,1184.333333,0.004626217,1
1412,22.18,28.06,555,1176.4,0.00464,1
1413,22.13333333,28,557.6666667,1175.666667,0.004616762,1
1414,22.16,27.956,556.4,1173.8,0.004617004,1
1415,22.2,27.9175,555,1170.75,0.00462193,1
1416,22.175,27.945,555,1170.25,0.004619424,1
1417,22.18333333,27.80666667,555,1168,0.004598739,1
1418,22.2,27.82333333,555,1160.833333,0.004606224,1
1419,22.2,27.79,546.5,1161,0.004600665,1
1420,22.2,27.79,538,1166,0.004600665,1
1421,22.2,27.772,543,1164.4,0.004597663,1
1422,22.2,27.7225,550.5,1157.75,0.004589408,1
1423,22.2,27.772,543,1148.6,0.004597663,1
1424,22.2,27.7225,547,1153.75,0.004589408,1
1425,22.2,27.7,544.2,1152.4,0.004585655,1
1426,22.175,27.7,543,1147.25,0.004578627,1
1427,22.2,27.7,544.25,1147.5,0.004585655,1
1428,22.2,27.7,548,1144,0.004585655,1
1429,22.2,27.64285714,535.7142857,1137.857143,0.004576126,0
1430,22.2,27.7,543,1133,0.004585655,1
1431,22.2,27.6,538,1121.2,0.004568979,1
1432,22.2,27.51666667,549.3333333,1110.833333,0.004555083,1
1433,22.2,27.5,547,1093.25,0.004552304,1
1434,22.2,27.54,538.6,1093.2,0.004558974,1
1435,22.2,27.56666667,549.3333333,1102.5,0.004563421,1
1436,22.2,27.52,548.6,1104.4,0.004555639,1
1437,22.2,27.58,543,1101.75,0.004565644,1
1438,22.2,27.6,548.5,1098.75,0.004568979,1
1439,22.2,27.56,555,1092.4,0.004562309,1
1440,22.2,27.5,555,1094,0.004552304,1
1441,22.254,27.56,556.4,1092.4,0.004577446,1
1442,22.2225,27.575,556.6666667,1081.666667,0.004571115,1
1443,22.245,27.58333333,562,1077,0.004578822,1
1444,22.254,27.54,555.6,1074.4,0.004574099,1
1445,22.29,27.55,558,1072.25,0.004585884,1
1446,22.29,27.5,563.4,1070.4,0.0045775,1
1447,22.272,27.5,570,1071,0.004572451,1
1448,22.29,27.48166667,565.8333333,1078.166667,0.004574426,1
1449,22.29,27.5,553,1071.75,0.0045775,1
1450,22.29,27.445,561.8333333,1066.833333,0.004568278,1
1451,22.29,27.456,562.4,1068.4,0.004570123,1
1452,22.29,27.37,560.6,1064.2,0.004555703,1
1453,22.29,27.35666667,559.6666667,1060.333333,0.004553467,1
1454,22.30666667,27.39,569.8333333,1061.5,0.004563717,1
1455,22.33,27.37,581,1057,0.004566887,1
1456,22.35,27.33,593,1057.8,0.004565756,1
1457,22.39,27.29,601,1065,0.004570212,1
1458,22.39,27.29,600.4,1064.2,0.004570212,1
1459,22.39,27.254,616,1061.8,0.004564139,1
1460,22.39,27.29,603.6,1064,0.004570212,0
1461,22.39,27.2675,587.5,1065.25,0.004566416,0
1462,22.39,27.2,575,1050.5,0.00455503,0
1463,22.39,27.14,579.2,1045.2,0.004544908,1
1464,22.434,27.04,584.8,1049.6,0.004540259,1
1465,22.42666667,27.03333333,609.6666667,1041.333333,0.004537094,1
1466,22.42666667,27.03333333,625.6666667,1038,0.004537094,1
1467,22.42666667,26.98166667,629.6666667,1035.166667,0.004528359,1
1468,22.5,27,617,1040,0.00455185,1
1469,22.5,27,624.8,1036.25,0.00455185,1
1470,22.5,26.96333333,641.3333333,1033.25,0.004545623,1
1471,22.5,26.89,659.4,1037,0.00453317,1
1472,22.58,26.81,644.6,1031.2,0.004541763,1
1473,22.575,26.79,653,1033,0.004536962,1
1474,22.6,26.79,659,1032.25,0.004543905,1
1475,22.6,26.79,660,1030.166667,0.004543905,1
1476,22.6,26.7225,668.5,1033,0.004532373,1
1477,22.66666667,26.71333333,652.5,1030.333333,0.004549314,1
1478,22.675,26.675,652.75,1028.5,0.004545053,1
1479,22.7,26.7,654.2,1020.4,0.0045563,1
1480,22.7,26.68333333,656.1666667,1023.666667,0.004553435,1
1481,22.7225,26.6,650.75,1021.25,0.004545356,1
1482,22.745,26.6,663.75,1014.75,0.004551609,1
1483,22.745,26.55,651,1017,0.004542991,1
1484,22.79,26.51666667,648.3333333,1014.166667,0.004549734,1
1485,22.79,26.6,651,1022.5,0.004564138,1
1486,22.79,26.525,651,1027.25,0.004551175,1
1487,22.84,26.5,651,1022,0.004560757,1
1488,22.87,26.456,657.8,1019,0.004561474,1
1489,22.89,26.445,668,1020.75,0.004565133,1
1490,22.89,26.39,668,1015.5,0.004555569,1
1491,22.90833333,26.39,663.6666667,1016,0.004560668,1
1492,22.956,26.39,664.6,1011,0.00457395,1
1493,22.96333333,26.29,668,1018.666667,0.004558529,1
1494,23,26.29,662.3333333,1006.333333,0.004568734,1
1495,22.956,26.236,647.8,1008.2,0.004547063,1
1496,23,26.2,651.6666667,1009.333333,0.004552979,1
1497,23,26.2,651.6666667,1006.166667,0.004552979,1
1498,23.02,26.16,650,1004.4,0.004551524,1
1499,23.025,26.125,653.75,999.75,0.004546776,1
1500,23.05,26.08333333,660,994.1666667,0.004546394,1
1501,23.1,26,656,992.5,0.004545592,1
1502,23.1,26,660,995.6666667,0.004545592,1
1503,23.1,26,655,994,0.004545592,1
1504,23.14,26,660,990.2,0.004556682,1
1505,23.18,26,655,993.4,0.004567796,1
1506,23.2,26,650,998.5,0.004573361,1
1507,23.2,26,651.6666667,997.25,0.004573361,1
1508,23.2,25.945,653.1666667,992.5,0.004563616,1
1509,23.2225,25.9175,653.75,996.5,0.004564992,1
1510,23.2225,25.815,659.75,993.75,0.004546806,1
1511,23.26,25.85666667,338.3333333,997.3333333,0.004564605,0
1512,23.29,25.97833333,197.1666667,996.5,0.004594621,0
1513,23.272,25.87,184,998.6,0.004570312,0
1514,23.29,25.89,173.2,993.4,0.004578883,0
1515,23.2675,25.865,193,994.25,0.004568171,0
1516,23.29,25.89,193,990.1666667,0.004578883,0
1517,23.245,25.825,178,984,0.004554814,0
1518,23.254,25.85,184,983.6,0.004561753,0
1519,23.26,25.79333333,186,983.3333333,0.004553342,0
1520,23.272,25.772,178,974.6,0.004552872,0
1521,23.245,25.715,178,961,0.004535271,0
1522,23.29,25.7225,173.5,954.25,0.004549043,0
1523,23.245,25.7,174.5,951.5,0.004532606,0
1524,23.215,25.68333333,169.6666667,952.5,0.004521382,0
1525,23.215,25.68333333,168.5,946.3333333,0.004521382,0
1526,23.2,25.6,171,942,0.004502493,0
1527,23.2,25.6,176,933.2,0.004502493,0
1528,23.2,25.58,176,928.8,0.00449895,0
1529,23.2,25.55,177.25,924,0.004493635,0
1530,23.2,25.55,171,918,0.004493635,0
1531,23.2,25.5,171,912.75,0.004484778,0
1532,23.2,25.5,171,907,0.004484778,0
1533,23.18571429,25.52857143,268.7142857,899.2857143,0.004485936,0
1534,23.2,25.7,538.75,917.25,0.004520208,1
1535,23.2,25.792,627.6,919.8,0.004536508,0
1536,23.2,25.65,638,938.25,0.00451135,0
1537,23.2,25.53333333,634,922.1666667,0.004490683,0
1538,23.2,25.5,629,899,0.004484778,0
1539,23.2,25.51666667,557.6666667,895.3333333,0.00448773,0
1540,23.2,25.7225,547,899.75,0.004524195,1
1541,23.2,25.54,543,894.4,0.004491864,1
1542,23.18333333,25.51666667,561.8333333,880.3333333,0.004483179,1
1543,23.15,25.5,597.75,879.75,0.004471146,1
1544,23.2,25.5,561.5,870.5,0.004484778,1
1545,23.2,25.5,598.4,866.2,0.004484778,1
1546,23.18,25.5,609.6,866.4,0.004479321,1
1547,23.2,25.525,587,869.75,0.004489207,1
1548,23.2,25.58,596.8,874.2,0.00449895,1
1549,23.175,25.6,595,877.5,0.004495645,1
1550,23.18333333,25.7,608.3333333,879,0.004515624,1
1551,23.2,25.68,611.6,875.5,0.004516665,1
1552,23.2,25.7,610.2,881.3333333,0.004520208,1
1553,23.218,25.7,616.6,882.4,0.004525164,1
1554,23.23,25.715,608.3333333,883,0.004531133,1
1555,23.254,25.68,609,884.5,0.004531535,1
1556,23.2675,25.7225,599,888.25,0.004542819,1
1557,23.272,25.772,594.8,889.4,0.004552872,1
1558,23.29,25.79,585.75,895,0.004561068,1
1559,23.29,25.79,584.8,894.4,0.004561068,1
1560,23.29,25.79,592.75,898.25,0.004561068,1
1561,23.29,25.79,586.5,898,0.004561068,1
1562,23.29,25.79,585,898.8,0.004561068,1
1563,23.29,25.79,576.75,901,0.004561068,1
1564,23.29,25.79,566,900.1428571,0.004561068,1
1565,23.29,25.7675,560,898.25,0.004557059,1
1566,23.29,25.754,566,895.6,0.004554654,1
1567,23.29,25.79333333,569.3333333,892.3333333,0.004561662,1
1568,23.29,26.16,561,911.1666667,0.004626991,1
1569,23.29,25.89,561,912,0.004578883,1
1570,23.29,25.89,561,913,0.004578883,1
1571,23.29,26.05916667,558.3,921.4,0.004609024,1
1572,23.29,26.22833333,555.6,929.8,0.004639167,1
1573,23.29,26.456,558.8,951.8,0.004679739,1
1574,23.29,26.575,546,956.75,0.004700948,1
1575,23.29,26.62,546,968,0.004708968,1
1576,23.29,26.754,542.8,966,0.004732852,1
1577,23.29,26.79,544.8,971.8,0.004739269,1
1578,23.29,26.87,541.4,983,0.00475353,1
1579,23.33,26.956,538,993.6,0.004780483,1
1580,23.29,27,538.4,999.6,0.004776705,1
1581,23.35,27.08,538.4,1005.4,0.00480849,1
1582,23.315,27.1,534.5,1013.75,0.004801833,1
1583,23.29,27.14,538.8,1019.8,0.004801664,1
1584,23.29,27.26,531,1023,0.004823059,1
1585,23.29,27.40833333,526.8333333,1027.5,0.004849508,1
1586,23.29,27.4175,526.75,1038.5,0.004851143,1
1587,23.29,27.5,519.6666667,1049,0.004865854,1
1588,23.29,27.5,505.8,1051.8,0.004865854,1
1589,23.31857143,27.58571429,493,1056,0.004889635,1
1590,23.29,27.65,503.5,1054.5,0.004892604,1
1591,23.29,27.772,496.2,1066.6,0.004914362,1
1592,23.29,27.7,513,1074,0.004901521,1
1593,23.29,27.79,520.5,1068.25,0.004917572,1
1594,23.33,27.874,528,1075.6,0.004944578,1
1595,23.29,27.9175,516.75,1085.25,0.004940313,1
1596,23.29,27.96333333,513,1096.333333,0.004948489,1
1597,23.30428571,28.01428571,503.7142857,1099.142857,0.00496189,1
1598,23.32333333,28.1,503,1108.833333,0.004982968,1
1599,23.29,28.1,498,1117,0.004972867,1
1600,23.29,28.236,481.6,1116,0.004997128,1
1601,23.29,28.35,484,1120.2,0.005017466,1
1602,23.29,28.39,483.4,1120.6,0.005024603,1
1603,23.29,28.53333333,485,1129.333333,0.005050177,1
1604,23.29,28.575,478,1132.25,0.005057611,1
1605,23.29,28.6,478.75,1132.5,0.005062072,1
1606,23.29,28.68333333,474,1142.833333,0.005076942,1
1607,23.29,28.772,473,1152,0.005092765,1
1608,23.29,28.79,474,1156.75,0.005095977,1
1609,23.29,28.89,479,1159.333333,0.005113823,1
1610,23.254,28.912,476,1160.8,0.005106541,1
1611,23.245,28.92,467.75,1160,0.005105166,1
1612,23.236,28.978,464,1167,0.005112685,1
1613,23.2,29.05,464,1171,0.005114263,1
1614,23.2225,29.15,464,1175.5,0.005139054,1
1615,23.2,29.2,453,1181,0.005140889,1
1616,23.2,29.2,464,1192,0.005140889,1
1617,23.2,29.2,464,1197.75,0.005140889,1
1618,23.2,29.254,461,1198.2,0.005150475,1
1619,23.2,29.33,464,1196.5,0.005163966,1
1620,23.2,29.35666667,464,1203.25,0.0051687,1
1621,23.14,29.456,469,1209,0.005167402,1
1622,23.125,29.4725,469,1212.25,0.005165594,1
1623,23.1,29.5,463,1219.6,0.005162577,1
1624,23.1,29.55,465.25,1218.75,0.0051714,1
1625,23.1,29.6,466,1221.6,0.005180223,1
1626,23.1,29.62,469,1219.8,0.005183753,1
1627,23.1,29.7,466.5,1224.666667,0.00519787,1
1628,23.1,29.745,469,1233.75,0.005205812,1
1629,23.1,29.84,469,1235.75,0.005222578,1
1630,23.1,29.84,469,1239.5,0.005222578,1
1631,23.08571429,29.89,465.6666667,1245,0.005226846,1
1632,23.06666667,29.85666667,464,1247.25,0.005214905,1
1633,23.025,29.9175,469,1246,0.005212351,1
1634,23.01666667,29.96333333,462.3333333,1245.166667,0.005217749,1
1635,23,30,465,1254.6,0.005218876,1
1636,23,30,461,1261.2,0.005218876,1
1637,23,30,464,1261,0.005218876,1
1638,23,30.01666667,462.3333333,1263.666667,0.005221799,1
1639,23,30.06,461,1270.2,0.005229401,1
1640,23,30.075,464,1273.25,0.005232033,1
1641,23,30.12,461,1280.2,0.005239927,1
1642,23,30.15,469,1284.5,0.00524519,1
1643,23,30.23,462.3333333,1285.166667,0.005259225,1
1644,23,30.29,462.3333333,1290.666667,0.005269752,1
1645,22.96857143,30.30428571,460.4285714,1294.571429,0.005262152,1
1646,22.9175,30.29,464,1294,0.005243272,1
1647,22.912,30.29,461,1301,0.005241511,1
1648,22.90833333,30.30666667,462.3333333,1313.166667,0.005243245,1
1649,22.89,30.34,464,1312.75,0.005243185,1
1650,22.945,30.39,469,1311.5,0.005269572,1
1651,22.92666667,30.37333333,469,1317.6,0.005260764,1
1652,22.96333333,30.39,469,1327.5,0.005275475,1
1653,22.93714286,30.39142857,469,1330.285714,0.005267293,1
1654,22.934,30.456,466,1330,0.005277566,1
1655,22.9175,30.5,465.25,1328.75,0.005279932,1
1656,22.93714286,30.40571429,456.1428571,1330,0.00526979,1
1657,22.956,30.412,454,1321.8,0.005276962,1
1658,22.89,30.445,454,1321.5,0.005261484,1
1659,22.934,30.6,454,1331.6,0.005302732,1
1660,22.90833333,30.6,454,1336.833333,0.005294425,1
1661,22.89,30.68,454,1340,0.005302442,1
1662,22.945,30.7,454,1350.75,0.005323785,1
1663,22.89,30.675,454,1356,0.005301571,1
1664,22.89,30.675,454,1351.75,0.005301571,1
1665,22.89,30.745,454,1360.166667,0.005313772,1
1666,22.89,30.79,454,1364.2,0.005321616,1
1667,22.89,30.754,454,1363.2,0.005315341,1
1668,22.89,30.79,454,1363.166667,0.005321616,1
1669,22.89,30.79,454,1367,0.005321616,1
1670,22.89,30.79,454,1368.5,0.005321616,1
1671,22.912,30.79,454,1365.8,0.005328774,1
1672,22.89,30.89,454,1361.6,0.005339048,1
1673,22.89,30.865,465.25,1372,0.00533469,1
1674,22.89,30.89,465.25,1385.25,0.005339048,1
1675,22.89,30.89,469,1386.4,0.005339048,1
1676,22.89,30.89,469,1393.166667,0.005339048,1
1677,22.89,30.85,469,1393,0.005332075,1
1678,22.89,30.79,460,1389,0.005321616,1
1679,22.89,30.79,454,1385.2,0.005321616,1
1680,22.89,30.85666667,454,1377.333333,0.005333238,1
1681,22.89,30.85666667,454,1383.833333,0.005333238,1
1682,22.89,30.83,442,1388.6,0.005328589,1
1683,22.89,30.865,449.5,1377.5,0.00533469,1
1684,22.89,30.89,451.6,1374,0.005339048,1
1685,22.89,30.89,451.6,1377.6,0.005339048,1
1686,22.89,30.89,456.8,1373,0.005339048,1
1687,22.865,30.84,444,1372.25,0.005322195,1
1688,22.89,30.89,444,1376,0.005339048,1
1689,22.84,30.84,444,1361.75,0.00531407,1
1690,22.79,30.81,444,1356.6,0.005292653,1
1691,22.79,30.84,444,1363,0.005297851,1
1692,22.79,30.83,444,1363.8,0.005296118,1
1693,22.79,30.89,444,1363.5,0.005306513,1
1694,22.79,30.89,444,1369.333333,0.005306513,1
1695,22.79,30.9175,444,1366.25,0.005311278,1
1696,22.79,30.89,444,1372.571429,0.005306513,1
1697,22.79,30.89,444,1361.666667,0.005306513,1
1698,22.79,30.89,444,1367.25,0.005306513,1
1699,22.79,30.89,444,1359,0.005306513,1
1700,22.79,30.934,444,1363.8,0.005314137,1
1701,22.79,30.89,444,1353.75,0.005306513,1
1702,22.79,31,444,1356.333333,0.005325572,1
1703,22.79,31,444,1363.8,0.005325572,1
1704,22.772,31.02,444,1364,0.005323174,1
1705,22.79,31.05,444,1373.333333,0.005334235,1
1706,22.7675,31.125,440.25,1374.25,0.005339878,1
1707,22.79,31.08333333,444,1369,0.005340011,1
1708,22.79,31.075,444.75,1360.75,0.005338567,1
1709,22.79,31.11428571,441.2857143,1359.5,0.005345374,1
1710,22.745,31.15,447,1366.333333,0.005336854,1
1711,22.772,31.2,439.8,1377,0.005354329,1
1712,22.79,31.2,441,1379.5,0.005360226,1
1713,22.745,31.2,442.5,1379.25,0.005345494,1
1714,22.7225,31.2,442.5,1381.5,0.005338141,1
1715,22.745,31.29,438,1381,0.005361046,1
1716,22.73,31.16666667,441,1374,0.005334836,1
1717,22.73,31.21333333,441,1372.5,0.005342893,1
1718,22.7,31.1,442.5,1369.75,0.005313565,1
1719,22.7,31.12,443.4,1368.6,0.005317012,1
1720,22.715,31.2,441,1368.333333,0.005335692,1
1721,22.7,31.16666667,441,1365.333333,0.005325053,1
1722,22.715,31.2,441,1370.5,0.005335692,1
1723,22.715,31.2,441,1366.333333,0.005335692,1
1724,22.7,31.2,442.5,1373.5,0.005330797,1
1725,22.745,31.2225,438,1378.5,0.005349382,1
1726,22.7,31.272,441,1377.166667,0.005343205,1
1727,22.7,31.245,447,1401.166667,0.005338552,1
1728,22.7,31.2675,442.5,1395.333333,0.005342429,1
1729,22.7,31.29,447,1401,0.005346307,1
1730,22.7,31.29,444,1400.5,0.005346307,1
1731,22.7,31.29,447,1394,0.005346307,1
1732,22.7,31.29,447,1394.6,0.005346307,1
1733,22.7,31.29,447,1389.666667,0.005346307,1
1734,22.7,31.29,447,1377.2,0.005346307,1
1735,22.7,31.29,447,1387,0.005346307,1
1736,22.7,31.37571429,439,1393.428571,0.005361078,1
1737,22.7,31.39,447,1393.75,0.00536354,1
1738,22.7,31.39,441.4,1392.6,0.00536354,1
1739,22.7,31.37,438.6,1394.2,0.005360094,1
1740,22.7,31.4175,440,1396.25,0.00536828,1
1741,22.7,31.39,443.5,1390.5,0.00536354,1
1742,22.7225,31.365,436.5,1397.5,0.005366615,1
1743,22.7,31.4175,433,1398.25,0.00536828,1
1744,22.7,31.4725,433,1402.25,0.005377759,1
1745,22.7,31.37857143,433,1398,0.005361571,1
1746,22.7,31.29,433,1384.25,0.005346307,1
1747,22.7,31.29,433,1387.333333,0.005346307,1
1748,22.7,31.29,433,1392.5,0.005346307,1
1749,22.7,31.236,433,1384.8,0.005337001,1
1750,22.7225,31.315,433,1388,0.005357986,1
1751,22.7,31.27,433,1384.6,0.00534286,1
1752,22.7,31.275,433,1373.333333,0.005343722,1
1753,22.7,31.18,433,1368.8,0.005327351,1
1754,22.7,31.2,433,1364,0.005330797,1
1755,22.7,31.15,433,1357.5,0.005322181,1
1756,22.7,31.2,433,1352,0.005330797,1
1757,22.7,31.2,433,1357,0.005330797,1
1758,22.7,31.1,433,1361.75,0.005313565,1
1759,22.7,31.1,433,1356,0.005313565,1
1760,22.7,31.1,433,1344.25,0.005313565,1
1761,22.7,31.05,433,1357.75,0.00530495,1
1762,22.7,31.1,433,1355.75,0.005313565,1
1763,22.7,31.1,433,1354.666667,0.005313565,1
1764,22.7,31.01666667,433,1343.333333,0.005299206,1
1765,22.7,31.05,433,1334.166667,0.00530495,1
1766,22.7225,30.9725,433,1340.25,0.005298886,1
1767,22.736,30.934,433,1336.8,0.005296615,1
1768,22.7675,31,433,1335.75,0.005318249,1
1769,22.73,31,433,1342.333333,0.005306064,1
1770,22.718,31,433,1348.8,0.005302171,1
1771,22.7,31,433,1353.25,0.005296334,1
1772,22.7,30.912,433,1339,0.005281172,1
1773,22.7,30.945,433,1338.25,0.005286858,1
1774,22.7,30.956,433,1347.6,0.005288753,1
1775,22.7,30.9725,433,1338.75,0.005291596,1
1776,22.7,30.89,433,1318,0.005277382,1
1777,22.7,30.87333333,433,1311.166667,0.00527451,1
1778,22.66,30.83,433,1306.5,0.005254168,1
1779,22.68,30.87,433,1316.666667,0.005267485,1
1780,22.7,30.89,433,1306.333333,0.005277382,1
1781,22.7,30.79,429.5,1300.5,0.005260153,1
1782,22.675,30.7225,433,1298.666667,0.005240501,1
1783,22.675,30.745,424.6,1298.2,0.005244371,1
1784,22.7,30.7675,426,1292.5,0.005256276,1
1785,22.675,30.7225,426,1288.5,0.005240501,1
1786,22.7,30.7,433,1299.666667,0.005244647,1
1787,22.65,30.65,423.6666667,1285.333333,0.005220038,1
1788,22.7,30.675,426,1286,0.005240341,1
1789,22.6,30.58333333,419,1284.333333,0.005192672,1
1790,22.6,30.575,422.5,1275.25,0.005191245,1
1791,22.6,30.6,419,1273.8,0.005195525,1
1792,22.6,30.6,419,1271.8,0.005195525,1
1793,22.6,30.55,419,1273.333333,0.005186965,1
1794,22.6,30.58,419,1261.75,0.005192101,1
1795,22.6,30.56666667,419,1258.5,0.005189818,1
1796,22.6,30.4725,419,1251.5,0.005173697,1
1797,22.6,30.445,419,1241.333333,0.005168989,1
1798,22.6,30.4725,419,1238.75,0.005173697,1
1799,22.6,30.37,419,1246.8,0.00515615,1
1800,22.6,30.315,419,1240.75,0.005146735,1
1801,22.6,30.365,419,1240.25,0.005155294,1
1802,22.6,30.275,426,1239,0.005139888,1
1803,22.6,30.245,422.5,1235.25,0.005134752,1
1804,22.6,30.254,424.6,1229.8,0.005136293,1
1805,22.6,30.18,419,1220.6,0.005123626,1
1806,22.6,30.16666667,419,1214.166667,0.005121344,1
1807,22.6,30.1,419,1214,0.005109933,1
1808,22.6,30.14,419,1217.8,0.00511678,1
1809,22.6,30.1,419,1211.8,0.005109933,1
1810,22.6,30.1,419,1217.2,0.005109933,1
1811,22.6,30.1,415.5,1211.5,0.005109933,1
1812,22.6,30.18166667,419,1207.333333,0.005123912,1
1813,22.6,30.1,419,1204.75,0.005109933,1
1814,22.6,30.1225,0,1205.25,0.005113784,0
1815,22.575,30.05,0,1204.75,0.005093574,0
1816,22.5,30.1,0,1196.666667,0.005078737,0
1817,22.5,30.1,0,1191.5,0.005078737,0
1818,22.5,30.1,0,1184,0.005078737,0
1819,22.445,30.1,0,1189.25,0.00506165,0
1820,22.39,30.075,0,1186.5,0.005040391,0
1821,22.39,30.1,0,1180.75,0.005044615,0
1822,22.39,30.05,0,1172.5,0.005036167,0
1823,22.365,30.075,0,1164,0.005032671,0
1824,22.35666667,30.1,0,1160.666667,0.005034315,0
1825,22.29,30,0,1143.25,0.00499698,0
1826,22.2675,29.945,0,1139.5,0.004980865,0
1827,22.245,29.9725,0,1138.25,0.004978597,0
1828,22.2,29.815,0,1135.5,0.004938568,0
1829,22.2,29.84,0,1124.75,0.004942742,0
1830,22.2,29.85666667,0,1119.333333,0.004945524,0
1831,22.125,29.79,0,1110.25,0.004911722,0
1832,22.1,29.79,0,1105.5,0.004904185,0
1833,22.1,29.745,0,1096.75,0.004896719,0
1834,22.1,29.7,0,1092.25,0.004889252,0
1835,22.1,29.6,0,1092.5,0.004872661,0
1836,22.025,29.525,0,1085.75,0.004837873,0
1837,22,29.46333333,0,1074.333333,0.004820277,0
1838,22,29.39,0,1066,0.004808187,0
1839,22,29.39,0,1058.5,0.004808187,0
1840,21.9175,29.29,0,1050.75,0.004767456,0
1841,21.89,29.2675,0,1044,0.004755715,0
1842,21.96333333,29.2,0,1039,0.004766109,0
1843,21.89,29.2,0,1030.5,0.004744663,0
1844,21.89,29.2,0,1030.8,0.004744663,0
1845,21.89,29.2,0,1032.333333,0.004744663,0
1846,21.89,29.16,0,1021.2,0.004738114,0
1847,21.89,29.2,0,1018.666667,0.004744663,0
1848,21.89,29.2,0,1008.75,0.004744663,0
1849,21.79,29,0,1003.25,0.004683014,0
1850,21.81,29,0,989.8,0.004688783,0
1851,21.815,29,0,992,0.004690226,0
1852,21.79,28.9725,0,985.75,0.00467854,0
1853,21.79,28.89,0,989,0.004665118,0
1854,21.7225,28.89,0,983,0.00464577,0
1855,21.7,28.89,0,976.75,0.004639337,0
1856,21.7,28.89,0,970.3333333,0.004639337,0
1857,21.7,28.865,0,961.75,0.004635292,0
1858,21.7,28.865,0,958.75,0.004635292,0
1859,21.7,28.89,0,954.6666667,0.004639337,0
1860,21.7,28.79,0,950.5,0.004623159,0
1861,21.7,28.815,0,942.75,0.004627203,0
1862,21.675,28.79,0,938.25,0.004616045,0
1863,21.675,28.7675,0,941,0.00461241,0
1864,21.63333333,28.73,0,944.3333333,0.004594543,0
1865,21.6,28.65,0,938,0.004572253,0
1866,21.6,28.675,0,934.5,0.004576272,0
1867,21.6,28.63333333,0,936.6666667,0.004569574,0
1868,21.6,28.6,0,926,0.004564215,0
1869,21.6,28.6,0,920.75,0.004564215,0
1870,21.6,28.56,0,920.2,0.004557785,0
1871,21.6,28.5,0,911.3333333,0.00454814,0
1872,21.6,28.5,0,905.3333333,0.00454814,0
1873,21.6,28.5,0,904.2,0.00454814,0
1874,21.6,28.5,0,899.6666667,0.00454814,0
1875,21.6,28.478,0,898.2,0.004544603,0
1876,21.6,28.4725,0,898.25,0.004543719,0
1877,21.6,28.39,0,895,0.004530458,0
1878,21.6,28.39,0,891.6666667,0.004530458,0
1879,21.58,28.35,0,887.4,0.004518455,0
1880,21.6,28.29,0,885.3333333,0.004514384,0
1881,21.56,28.29,0,876.4,0.004503267,0
1882,21.53333333,28.29,0,871.3333333,0.00449587,0
1883,21.5,28.29,0,863.5,0.004486638,0
1884,21.5,28.2675,0,865.25,0.004483043,0
1885,21.5,28.23,0,859.6666667,0.004477053,0
1886,21.5,28.26,0,858.6666667,0.004481845,0
1887,21.5,28.2,0,852.25,0.004472261,0
1888,21.5,28.175,0,849.25,0.004468268,0
1889,21.5,28.1,0,849,0.004456289,0
1890,21.5,28.1,0,845,0.004456289,0
1891,21.5,28.1,0,844.5,0.004456289,0
1892,21.5,28.05,0,843.75,0.004448303,0
1893,21.5,28.075,0,842,0.004452296,0
1894,21.5,28.1,0,833.2,0.004456289,0
1895,21.5,28.03333333,0,832.6666667,0.004445641,0
1896,21.4175,27.945,0,825.25,0.004409037,0
1897,21.39,27.89,0,820.3333333,0.004392837,0
1898,21.4175,27.9175,0,824.5,0.004404668,0
1899,21.39,27.89,0,819.25,0.004392837,0
1900,21.39,27.89,0,820.2,0.004392837,0
1901,21.39,27.89,0,817.6666667,0.004392837,0
1902,21.365,27.89,0,808,0.004386064,0
1903,21.39,27.79,0,806.6666667,0.004376975,0
1904,21.39,27.85666667,0,804.6666667,0.00438755,0
1905,21.29,27.85,0,803.8,0.004359494,0
1906,21.29,27.79,0,806,0.004350036,0
1907,21.29,27.79,0,801.5,0.004350036,0
1908,21.34,27.79,0,802,0.004363488,0
1909,21.29,27.79,0,803.6666667,0.004350036,0
1910,21.29,27.79,0,800,0.004350036,0
1911,21.29,27.79,0,795,0.004350036,0
1912,21.29,27.79,0,785,0.004350036,0
1913,21.29,27.79,0,781,0.004350036,0
1914,21.29,27.79,0,782,0.004350036,0
1915,21.29,27.7675,0,778,0.00434649,0
1916,21.29,27.79,0,772.5,0.004350036,0
1917,21.245,27.745,0,770.75,0.004330888,0
1918,21.218,27.718,0,769,0.004319433,0
1919,21.23,27.7,0,767,0.00431981,0
1920,21.2,27.7,0,764,0.004311809,0
1921,21.2,27.7,0,765.25,0.004311809,0
1922,21.2,27.65,0,765,0.004303972,0
1923,21.2,27.6,0,766,0.004296136,0
1924,21.2,27.6,0,758.5,0.004296136,0
1925,21.2,27.575,0,749.75,0.004292217,0
1926,21.2,27.6,0,749,0.004296136,0
1927,21.2,27.54,0,747.8,0.004286732,0
1928,21.2,27.5,0,744,0.004280463,0
1929,21.2,27.5,0,746.4,0.004280463,0
1930,21.2,27.4725,0,750.5,0.004276153,0
1931,21.2,27.5,0,747,0.004280463,0
1932,21.2,27.4725,0,750,0.004276153,0
1933,21.2,27.365,0,742.75,0.004259306,0
1934,21.2,27.34,0,737.75,0.004255388,0
1935,21.2,27.34,0,736.25,0.004255388,0
1936,21.2,27.29,0,738.25,0.004247552,0
1937,21.2,27.29,0,732.3333333,0.004247552,0
1938,21.2,27.29,0,725.4,0.004247552,0
1939,21.2,27.2675,0,729.25,0.004244027,0
1940,21.2,27.245,0,727,0.004240501,0
1941,21.2,27.245,0,716.75,0.004240501,0
1942,21.2,27.2,0,715.6666667,0.004233449,0
1943,21.2,27.2,0,712.25,0.004233449,0
1944,21.2,27.2,0,719,0.004233449,0
1945,21.2,27.15,0,714.25,0.004225614,0
1946,21.2,27.14,0,711.4,0.004224047,0
1947,21.2,27.1,0,702.75,0.004217779,0
1948,21.2,27.1,0,701,0.004217779,0
1949,21.2,27.1,0,703.6666667,0.004217779,0
1950,21.2,27.025,0,707.25,0.004206028,0
1951,21.2,27,0,703.75,0.00420211,0
1952,21.2,27,0,699.5,0.00420211,0
1953,21.2,27,0,697.5,0.00420211,0
1954,21.2,27,0,696.6666667,0.00420211,0
1955,21.2,27,0,692.75,0.00420211,0
1956,21.2,27,0,692.6,0.00420211,0
1957,21.2,26.85666667,0,695.3333333,0.004179653,0
1958,21.2,26.89,0,690.5,0.004184876,0
1959,21.2,26.89,0,689.5,0.004184876,0
1960,21.2,26.89,0,692.3333333,0.004184876,0
1961,21.2,26.815,0,691.5,0.004173125,0
1962,21.2,26.79,0,687.6,0.004169208,0
1963,21.16666667,26.79,0,682.3333333,0.00416063,0
1964,21.2,26.79,0,677.6666667,0.004169208,0
1965,21.16,26.79,0,677.8,0.004158916,0
1966,21.2,26.79,0,684.3333333,0.004169208,0
1967,21.15,26.79,0,682.5,0.004156346,0
1968,21.175,26.79,0,675,0.004162773,0
1969,21.125,26.79,0,669.25,0.004149928,0
1970,21.2,26.745,0,668.5,0.004162158,0
1971,21.15,26.7,0,671.25,0.00414229,0
1972,21.1,26.7,0,674.3333333,0.004129507,0
1973,21.125,26.675,0,673,0.004131996,0
1974,21.125,26.6,0,671.5,0.004120301,0
1975,21.125,26.625,0,670.5,0.004124199,0
1976,21.1,26.625,0,669.75,0.00411783,0
1977,21.1,26.6,0,663.5,0.004113938,0
1978,21.1,26.6,0,665,0.004113938,0
1979,21.1,26.6,0,661.5,0.004113938,0
1980,21.1,26.6,0,657.75,0.004113938,0
1981,21.1,26.6,0,652.75,0.004113938,0
1982,21.1,26.6,0,653.25,0.004113938,0
1983,21.1,26.6,0,656.75,0.004113938,0
1984,21.1,26.6,0,651,0.004113938,0
1985,21.1,26.575,0,648.5,0.004110046,0
1986,21.1,26.55,0,652.25,0.004106154,0
1987,21.1,26.5,0,642.25,0.00409837,0
1988,21.1,26.5,0,643.75,0.00409837,0
1989,21.075,26.4725,0,649.6666667,0.004087765,0
1990,21.1,26.5,0,649.5,0.00409837,0
1991,21.06,26.412,0,646.6,0.004074581,0
1992,21.06666667,26.46333333,0,643,0.004084235,0
1993,21.08,26.478,0,640.4,0.004089885,0
1994,21.075,26.39,0,640.75,0.004074943,0
1995,21.075,26.4175,0,636.75,0.004079217,0
1996,21.05,26.39,0,634.75,0.004068648,0
1997,21.075,26.4175,0,633.75,0.004079217,0
1998,21,26.29,0,632,0.004040614,0
1999,21,26.29,0,626.5,0.004040614,0
2000,21.03333333,26.32333333,0,628.6666667,0.004054121,0
2001,21.025,26.315,0,629.5,0.004050741,0
2002,21.05,26.34,0,630.5,0.004060889,0
2003,21.025,26.315,0,631.5,0.004050741,0
2004,21.025,26.315,0,629.5,0.004050741,0
2005,21.05,26.29,0,627,0.00405313,0
2006,21,26.2675,0,624.5,0.004037133,0
2007,21,26.26,0,625.6666667,0.004035973,0
2008,21,26.29,0,624.5,0.004040614,0
2009,21,26.236,0,622,0.00403226,0
2010,21,26.2675,0,622.75,0.004037133,0
2011,21,26.2,0,619.25,0.004026692,0
2012,21,26.2,0,616,0.004026692,0
2013,21,26.2,0,617.25,0.004026692,0
2014,21,26.2,0,616.4,0.004026692,0
2015,21,26.16666667,0,616.6666667,0.004021535,0
2016,21,26.125,0,614.75,0.00401509,0
2017,21,26.125,0,611.3333333,0.00401509,0
2018,21,26.1,0,613.6,0.004011223,0
2019,21,26.15,0,608.75,0.004018957,0
2020,21,26.1,0,611,0.004011223,0
2021,21,26.1,0,612,0.004011223,0
2022,21,26.1,0,608.8,0.004011223,0
2023,21,26.1,0,612,0.004011223,0
2024,21,26.1,0,604.5,0.004011223,0
2025,21,26,0,607,0.003995756,0
2026,21,26,0,614.75,0.003995756,0
2027,21,26,0,612.25,0.003995756,0
2028,21,26,0,607.5,0.003995756,0
2029,21,26,0,602.6666667,0.003995756,0
2030,21,26,0,605.25,0.003995756,0
2031,21,26,0,606,0.003995756,0
2032,21,26,0,602.25,0.003995756,0
2033,21,25.956,0,600.5,0.003988951,0
2034,21,26,0,600.5,0.003995756,0
2035,21,26,0,601,0.003995756,0
2036,21,25.934,0,600.4,0.003985548,0
2037,21,25.89,0,604.3333333,0.003978743,0
2038,21,25.89,0,606,0.003978743,0
2039,20.96333333,25.89,0,602,0.003969727,0
2040,21,25.89,0,596,0.003978743,0
2041,21,25.89,0,596.3333333,0.003978743,0
2042,21,25.89,0,594,0.003978743,0
2043,20.945,25.89,0,596.5,0.003965226,0
2044,20.96333333,25.89,0,596,0.003969727,0
2045,20.9725,25.815,0,597.5,0.0039604,0
2046,21,25.815,0,594.25,0.003967143,0
2047,21,25.815,0,591.5,0.003967143,0
2048,20.978,25.83,0,594.2,0.003964064,0
2049,20.96333333,25.79,0,588.6666667,0.003954296,0
2050,20.92666667,25.79,0,585.3333333,0.003945334,0
2051,20.945,25.79,0,585,0.003949813,0
2052,20.945,25.79,0,582.25,0.003949813,0
2053,20.89,25.79,0,580.75,0.003936389,0
2054,20.9175,25.745,0,585,0.003936172,0
2055,20.89,25.7225,0,584.5,0.003926022,0
2056,20.96333333,25.7,0,583.3333333,0.00394041,0
2057,20.89,25.7,0,584,0.003922566,0
2058,20.912,25.7,0,581.8,0.003927911,0
2059,20.89,25.7,0,576.6666667,0.003922566,0
2060,20.89,25.7,0,579.3333333,0.003922566,0
2061,20.89,25.7,0,581.75,0.003922566,0
2062,20.89,25.7,0,582.75,0.003922566,0
2063,20.89,25.7,0,579.8,0.003922566,0
2064,20.9175,25.7,0,578.5,0.003929249,0
2065,20.89,25.7,0,578.5,0.003922566,0
2066,20.89,25.7,0,580.5,0.003922566,0
2067,20.89,25.7,0,577.8,0.003922566,0
2068,20.89,25.7,0,582.75,0.003922566,0
2069,20.89,25.7,0,584.4,0.003922566,0
2070,20.89,25.6,0,582.6666667,0.003907207,0
2071,20.865,25.575,0,578.25,0.00389733,0
2072,20.89,25.6,0,575.6666667,0.003907207,0
2073,20.89,25.6,0,577.25,0.003907207,0
2074,20.87,25.58,0,577.2,0.003899304,0
2075,20.89,25.6,0,572.75,0.003907207,0
2076,20.89,25.6,0,576.5,0.003907207,0
2077,20.89,25.525,0,579.3333333,0.003895688,0
2078,20.89,25.525,0,571.6,0.003895688,0
2079,20.89,25.5,0,573,0.003891849,0
2080,20.89,25.5,0,573.5,0.003891849,0
2081,20.89,25.5,0,572.75,0.003891849,0
2082,20.89,25.5,0,573.6,0.003891849,0
2083,20.89,25.5,0,571.5,0.003891849,0
2084,20.85666667,25.46333333,0,573.3333333,0.003878206,0
2085,20.89,25.4725,0,570.75,0.003887626,0
2086,20.89,25.39,0,568,0.003874956,0
2087,20.89,25.4175,0,573,0.003879179,0
2088,20.89,25.39,0,569.6666667,0.003874956,0
2089,20.89,25.39,0,575.2,0.003874956,0
2090,20.89,25.39,0,578,0.003874956,0
2091,20.89,25.39,0,572.75,0.003874956,0
2092,20.89,25.39,0,569.6,0.003874956,0
2093,20.85666667,25.35666667,0,566.3333333,0.003861859,0
2094,20.85666667,25.35666667,0,567.3333333,0.003861859,0
2095,20.865,25.365,0,570.25,0.00386513,0
2096,20.89,25.39,0,575,0.003874956,0
2097,20.89,25.37,0,570.2,0.003871885,0
2098,20.89,25.35666667,0,565.3333333,0.003869837,0
2099,20.89,25.29,0,569.25,0.003859599,0
2100,20.89,25.315,0,567.25,0.003863439,0
2101,20.89,25.29,0,567.5,0.003859599,0
2102,20.865,25.2675,0,566,0.003850181,0
2103,20.89,25.29,0,565.75,0.003859599,0
2104,20.89,25.2675,0,564.5,0.003856144,0
2105,20.89,25.218,0,562.6,0.003848543,0
2106,20.89,25.29,0,561.3333333,0.003859599,0
2107,20.89,25.29,0,561,0.003859599,0
2108,20.89,25.29,0,566.75,0.003859599,0
2109,20.9175,25.245,0,563.75,0.003859253,0
2110,20.89,25.2,0,566.75,0.003845779,0
2111,20.89,25.218,0,563.4,0.003848543,0
2112,20.89,25.2,0,564.25,0.003845779,0
2113,20.89,25.2225,0,562.75,0.003849234,0
2114,20.9175,25.2,0,560,0.003852331,0
2115,20.89,25.2,0,558.75,0.003845779,0
2116,20.89,25.2,0,558.5,0.003845779,0
2117,20.89,25.2,0,558.3333333,0.003845779,0
2118,20.89,25.2,0,561.4,0.003845779,0
2119,20.89,25.2,0,558.25,0.003845779,0
2120,20.89,25.2,0,557.2,0.003845779,0
2121,20.89,25.2,0,559.6666667,0.003845779,0
2122,20.89,25.13333333,0,561,0.003835543,0
2123,20.89,25.16,0,563.4,0.003839637,0
2124,20.9175,25.125,0,559.75,0.003840795,0
2125,20.9175,25.1,0,559,0.003836949,0
2126,20.9175,25.1,0,561,0.003836949,0
2127,20.89,25.1,0,563.25,0.003830424,0
2128,20.89,25.1,0,560.75,0.003830424,0
2129,20.89,25.1,0,558,0.003830424,0
2130,20.89,25.08,0,556.8,0.003827353,0
2131,20.89,25.125,0,556,0.003834263,0
2132,20.89,25.1,0,558,0.003830424,0
2133,20.89,25.08,0,556.8,0.003827353,0
2134,20.89,25.06666667,0,557,0.003825306,0
2135,20.89,25,0,556.8,0.00381507,0
2136,20.89,25.025,0,548.5,0.003818909,0
2137,20.89,25.05,0,550,0.003822747,0
2138,20.89,25,0,554,0.00381507,0
2139,20.89,25.025,0,555.25,0.003818909,0
2140,20.89,25,0,555.5,0.00381507,0
2141,20.89,25,0,556.75,0.00381507,0
2142,20.89,25,0,558,0.00381507,0
2143,20.89,25,0,558,0.00381507,0
2144,20.89,25,0,558.25,0.00381507,0
2145,20.89,25,0,556.25,0.00381507,0
2146,20.89,25,0,554.5,0.00381507,0
2147,20.89,25,0,555.25,0.00381507,0
2148,20.89,25,0,558,0.00381507,0
2149,20.89,25,0,554.3333333,0.00381507,0
2150,20.89,25,0,549.75,0.00381507,0
2151,20.89,24.9725,0,558.5,0.003810848,0
2152,20.865,24.92,0,558.25,0.003796907,0
2153,20.89,24.9175,0,558.25,0.003802403,0
2154,20.89,24.9725,0,547.25,0.003810848,0
2155,20.89,24.945,0,553.75,0.003806626,0
2156,20.89,24.89,0,547.75,0.003798181,0
2157,20.89,24.89,0,547.25,0.003798181,0
2158,20.89,24.89,0,551.5,0.003798181,0
2159,20.89,24.89,0,554,0.003798181,0
2160,20.89,24.89,0,550,0.003798181,0
2161,20.89,24.92666667,0,553.6666667,0.003803811,0
2162,20.89,24.934,0,552.4,0.003804937,0
2163,20.89,24.92666667,0,554,0.003803811,0
2164,20.83,24.87,0,547,0.00378104,0
2165,20.89,24.89,0,542.3333333,0.003798181,0
2166,20.84,24.8925,0,544.75,0.003786825,0
2167,20.89,24.945,0,547,0.003806626,0
2168,20.865,24.865,0,552.75,0.003788476,0
2169,20.89,25,0,556,0.00381507,0
2170,20.87,24.934,0,551.6,0.003800229,0
2171,20.84,24.92,0,553,0.003791034,0
2172,20.89,24.9725,0,551.25,0.003810848,0
2173,20.85666667,24.92666667,0,552.6666667,0.00379597,0
2174,20.865,24.9725,0,553.75,0.003804955,0
2175,20.85666667,24.85666667,0,545.6666667,0.003785245,0
2176,20.865,24.9175,0,547.75,0.003796523,0
2177,20.89,24.912,0,548.4,0.003801559,0
2178,20.89,24.92666667,0,549.3333333,0.003803811,0
2179,20.89,25,0,549.3333333,0.00381507,0
2180,20.865,24.8925,0,545.5,0.003792691,0
2181,20.89,24.92666667,0,543,0.003803811,0
2182,20.89,24.978,0,545.6,0.003811692,0
2183,20.85,24.956,0,547.6,0.003798896,0
2184,20.89,25,0,548.6666667,0.00381507,0
2185,20.89,25,0,542.75,0.00381507,0
2186,20.87,24.978,0,537.2,0.003806976,0
2187,20.85666667,24.92666667,0,541.3333333,0.00379597,0
2188,20.865,24.9725,0,545.25,0.003804955,0
2189,20.83,24.934,0,541.25,0.003790829,0
2190,20.82333333,24.92666667,0,535.5,0.003788143,0
2191,20.89,25,0,536.5,0.00381507,0
2192,20.87,24.978,0,543.8,0.003806976,0
2193,20.84,24.92,0,542,0.003791034,0
2194,20.84,24.945,0,537.25,0.003794861,0
2195,20.82333333,24.92666667,0,538,0.003788143,0
2196,20.82333333,24.92666667,0,542,0.003788143,0
2197,20.81,24.912,0,542,0.003782776,0
2198,20.79,24.89,0,545.3333333,0.003774736,0
2199,20.865,24.9725,0,543.25,0.003804955,0
2200,20.85666667,24.93,0,539,0.003796481,0
2201,20.84,24.945,0,540.75,0.003794861,0
2202,20.79,24.9175,0,538,0.003778932,0
2203,20.79,24.89,0,538,0.003774736,0
2204,20.79,24.92666667,0,538.6666667,0.003780331,0
2205,20.81,24.956,0,541.6,0.003789498,0
2206,20.79,24.89,0,537.5,0.003774736,0
2207,20.79,24.978,0,537.2,0.003788163,0
2208,20.79,24.96333333,0,541,0.003785925,0
2209,20.79,25,0,534,0.00379152,0
2210,20.79,25,0,532,0.00379152,0
2211,20.84,25,0,531.75,0.003803279,0
2212,20.79,25,0,532.8,0.00379152,0
2213,20.79,25,0,532,0.00379152,0
2214,20.82333333,24.92666667,0,533.6666667,0.003788143,0
2215,20.79,25,0,531.75,0.00379152,0
2216,20.79,25,0,534.4,0.00379152,0
2217,20.79,25,0,535.6666667,0.00379152,0
2218,20.79,25,0,529.75,0.00379152,0
2219,20.79,25,0,532,0.00379152,0
2220,20.79,25,0,531.3333333,0.00379152,0
2221,20.79,25,0,529.75,0.00379152,0
2222,20.79,25,0,528.75,0.00379152,0
2223,20.79,25,0,528.25,0.00379152,0
2224,20.79,25,0,526,0.00379152,0
2225,20.79,25,0,526.5,0.00379152,0
2226,20.79,24.96333333,0,529.3333333,0.003785925,0
2227,20.815,24.945,0,528.25,0.00378899,0
2228,20.81,24.934,0,526.8,0.003786137,0
2229,20.79,24.9725,0,525.5,0.003787324,0
2230,20.79,24.96333333,0,524.6666667,0.003785925,0
2231,20.79,24.89,0,523,0.003774736,0
2232,20.79,24.89,0,526,0.003774736,0
2233,20.79,24.9725,0,523.25,0.003787324,0
2234,20.79,24.89,0,524.3333333,0.003774736,0
2235,20.79,24.89,0,521.5,0.003774736,0
2236,20.79,24.912,0,518.6,0.003778093,0
2237,20.79,24.89,0,520.75,0.003774736,0
2238,20.79,24.89,0,527.6666667,0.003774736,0
2239,20.79,24.945,0,526,0.003783128,0
2240,20.79,24.956,0,519.6,0.003784806,0
2241,20.79,24.96333333,0,518.3333333,0.003785925,0
2242,20.79,24.9725,0,520.5,0.003787324,0
2243,20.79,24.945,0,521.75,0.003783128,0
2244,20.79,24.89,0,523,0.003774736,0
2245,20.79,24.89,0,520.3333333,0.003774736,0
2246,20.79,24.89,0,519,0.003774736,0
2247,20.79,24.945,0,516.25,0.003783128,0
2248,20.79,25,0,518.6,0.00379152,0
2249,20.79,25,0,519.3333333,0.00379152,0
2250,20.76,25,0,515.3333333,0.00378448,0
2251,20.772,25,0,516.4,0.003787295,0
2252,20.745,25,0,519.5,0.003780964,0
2253,20.7675,25,0,522.25,0.003786239,0
2254,20.7675,25,0,514.75,0.003786239,0
2255,20.7675,25,0,513.75,0.003786239,0
2256,20.79,25,0,515,0.00379152,0
2257,20.79,25,0,519,0.00379152,0
2258,20.772,25,0,518.8,0.003787295,0
2259,20.79,25,0,517.3333333,0.00379152,0
2260,20.73,25.06666667,0,509.75,0.003787586,0
2261,20.718,25.04,0,513.6,0.00378072,0
2262,20.73,25.06666667,0,511,0.003787586,0
2263,20.718,25.1,0,512.4,0.003789834,0
2264,20.7,25.075,0,515.5,0.003781815,0
2265,20.736,25.1,0,511.8,0.003794064,0
2266,20.73,25.1,0,511.6666667,0.003792653,0
2267,20.7,25.05,0,509.75,0.003778021,0
2268,20.73,25.1,0,513,0.003792653,0
2269,20.7,25.1,0,508.5,0.003785608,0
2270,20.7,25.1,0,510,0.003785608,0
2271,20.7,25.1,0,509.6666667,0.003785608,0
2272,20.7,25.1,0,508.5,0.003785608,0
2273,20.7,25.1,0,511.25,0.003785608,0
2274,20.7,25.1,0,513.3333333,0.003785608,0
2275,20.7,25.1,0,509.5,0.003785608,0
2276,20.7,25.1,0,509,0.003785608,0
2277,20.7,25.1,0,509,0.003785608,0
2278,20.7,25.1,0,510.5,0.003785608,0
2279,20.7,25.1,0,512,0.003785608,0
2280,20.7,25.1,0,509,0.003785608,0
2281,20.68,25.12,0,508,0.003783949,0
2282,20.7,25.125,0,502.25,0.003789402,0
2283,20.675,25.1,0,502.5,0.003779746,0
2284,20.7,25.1,0,505.5,0.003785608,0
2285,20.7,25.1,0,505.5,0.003785608,0
2286,20.7,25.1,0,500.25,0.003785608,0
2287,20.68,25.1,0,500,0.003780918,0
2288,20.66666667,25.1,0,499,0.003777793,0
2289,20.7,25.1,0,501.25,0.003785608,0
2290,20.7,25.1,0,501,0.003785608,0
2291,20.7,25.1,0,502,0.003785608,0
2292,20.7,25.1,0,496.25,0.003785608,0
2293,20.7,25.1,0,495.8,0.003785608,0
2294,20.66,25.1,0,497.8,0.003776232,0
2295,20.63333333,25.1,0,497,0.003769993,0
2296,20.625,25.1,0,497.25,0.003768045,0
2297,20.675,25.175,0,503.25,0.003791109,0
2298,20.675,25.125,0,500,0.003783533,0
2299,20.7,25.1,0,494.75,0.003785608,0
2300,20.7,25.1,0,492.3333333,0.003785608,0
2301,20.7,25.1,0,492.75,0.003785608,0
2302,20.7,25.1,0,497,0.003785608,0
2303,20.65,25.075,0,498.5,0.00377011,0
2304,20.7,25.1,0,498.75,0.003785608,0
2305,20.675,25.075,0,498.75,0.003775958,0
2306,20.7,25.1,0,495.3333333,0.003785608,0
2307,20.675,25.075,0,490.75,0.003775958,0
2308,20.7,25.1,0,487.75,0.003785608,0
2309,20.65,25.05,0,491.75,0.003766328,0
2310,20.7,25.1,0,491.25,0.003785608,0
2311,20.7,25.1,0,493.5,0.003785608,0
2312,20.7,25.1,0,493.3333333,0.003785608,0
2313,20.7,25,0,493.25,0.003770435,0
2314,20.7,25,0,491,0.003770435,0
2315,20.7,25,0,492,0.003770435,0
2316,20.7,25,0,496,0.003770435,0
2317,20.7,25,0,493,0.003770435,0
2318,20.7,25,0,491.25,0.003770435,0
2319,20.7,25,0,494,0.003770435,0
2320,20.7,25,0,494.2,0.003770435,0
2321,20.7,25,0,493.75,0.003770435,0
2322,20.7,25,0,495.75,0.003770435,0
2323,20.7,25,0,492.25,0.003770435,0
2324,20.7,25,0,486.5,0.003770435,0
2325,20.7,25,0,493.3333333,0.003770435,0
2326,20.7,25,0,494.75,0.003770435,0
2327,20.7,25,0,490,0.003770435,0
2328,20.7,25,0,490.5,0.003770435,0
2329,20.7,25,0,490.25,0.003770435,0
2330,20.7,25,0,498.25,0.003770435,0
2331,20.7,25,0,499,0.003770435,0
2332,20.7,24.96333333,0,493,0.003764871,0
2333,20.7,24.98166667,0,484.8333333,0.003767653,0
2334,20.7,24.9725,0,480,0.003766262,0
2335,20.7,24.9725,0,478.75,0.003766262,0
2336,20.7,25,0,483.3333333,0.003770435,0
2337,20.7,25,0,480.2,0.003770435,0
2338,20.7,24.89,0,483.3333333,0.003753745,0
2339,20.7,24.89,0,487,0.003753745,0
2340,20.7,24.85,0,485.2,0.003747676,0
2341,20.7,24.89,0,480.6666667,0.003753745,0
2342,20.7,24.84,0,480.25,0.003746158,0
2343,20.7,24.79,0,486,0.003738573,0
2344,20.7,24.865,0,485.75,0.003749952,0
2345,20.7,24.815,0,483,0.003742366,0
2346,20.7,24.87,0,483.6,0.00375071,0
2347,20.7,24.79,0,489.3333333,0.003738573,0
2348,20.7,24.79,0,486.75,0.003738573,0
2349,20.7,24.79,0,483.5,0.003738573,0
2350,20.7,24.79,0,482,0.003738573,0
2351,20.745,24.79,0,481.5,0.003749013,0
2352,20.7,24.79,0,488.25,0.003738573,0
2353,20.7,24.79,0,486.3333333,0.003738573,0
2354,20.7,24.79,0,480.6,0.003738573,0
2355,20.7,24.79,0,485.6666667,0.003738573,0
2356,20.7,24.79,0,484.8,0.003738573,0
2357,20.7,24.79,0,481,0.003738573,0
2358,20.7,24.79,0,486.5,0.003738573,0
2359,20.7,24.79,0,488,0.003738573,0
2360,20.7,24.79,0,481.6666667,0.003738573,0
2361,20.7,24.79,0,481,0.003738573,0
2362,20.7,24.754,0,483,0.003733111,0
2363,20.7,24.7675,0,485,0.003735159,0
2364,20.7,24.76,0,475.6666667,0.003734021,0
2365,20.7,24.7225,0,478.5,0.003728332,0
2366,20.7,24.7,0,482.8,0.003724918,0
2367,20.7,24.7,0,482.3333333,0.003724918,0
2368,20.7,24.675,0,481.5,0.003721126,0
2369,20.7,24.675,0,479.25,0.003721126,0
2370,20.7,24.6,0,478.3333333,0.003709748,0
2371,20.7,24.6,0,477.5,0.003709748,0
2372,20.7,24.6,0,480.25,0.003709748,0
2373,20.7,24.65,0,481.5,0.003717333,0
2374,20.7,24.65,0,481.25,0.003717333,0
2375,20.7,24.66,0,481.75,0.00371885,0
2376,20.7,24.7,0,479,0.003724918,0
2377,20.7,24.65,0,482.75,0.003717333,0
2378,20.7,24.66666667,0,485.6666667,0.003719861,0
2379,20.7,24.63333333,0,484,0.003714805,0
2380,20.7,24.6,0,479.5,0.003709748,0
2381,20.7,24.6,0,479.75,0.003709748,0
2382,20.7,24.6,0,480.75,0.003709748,0
2383,20.7,24.63333333,0,475.3333333,0.003714805,0
2384,20.7,24.7,0,475.6666667,0.003724918,0
2385,20.7,24.6,0,477.25,0.003709748,0
2386,20.7,24.6,0,478.5,0.003709748,0
2387,20.7,24.64,0,479.6,0.003715816,0
2388,20.7,24.6,0,475.6666667,0.003709748,0
2389,20.7,24.6,0,479.3333333,0.003709748,0
2390,20.7,24.6,0,478.5,0.003709748,0
2391,20.7,24.62857143,0,476.8571429,0.003714082,0
2392,20.7,24.63333333,0,477.3333333,0.003714805,0
2393,20.7,24.625,0,475.25,0.00371354,0
2394,20.7,24.6,0,479.6666667,0.003709748,0
2395,20.7,24.6,0,482,0.003709748,0
2396,20.7,24.6,0,475.8,0.003709748,0
2397,20.7,24.6,0,477.3333333,0.003709748,0
2398,20.7,24.6,0,475.25,0.003709748,0
2399,20.7,24.6,0,477.25,0.003709748,0
2400,20.7,24.6,0,478.6666667,0.003709748,0
2401,20.7,24.6,0,476.75,0.003709748,0
2402,20.7,24.6,0,472.5,0.003709748,0
2403,20.7,24.6,0,471.6,0.003709748,0
2404,20.7,24.6,0,474.75,0.003709748,0
2405,20.7,24.6,0,475.6666667,0.003709748,0
2406,20.7,24.6,0,473.2,0.003709748,0
2407,20.7,24.6,0,467,0.003709748,0
2408,20.7,24.6,0,466,0.003709748,0
2409,20.7,24.6,0,465.25,0.003709748,0
2410,20.7,24.6,0,471,0.003709748,0
2411,20.7,24.6,0,471.5,0.003709748,0
2412,20.7,24.6,0,476.5,0.003709748,0
2413,20.7,24.6,0,472.75,0.003709748,0
2414,20.7,24.6,0,470.75,0.003709748,0
2415,20.7,24.575,0,466.75,0.003705955,0
2416,20.7,24.5,0,463.75,0.003694578,0
2417,20.7,24.53333333,0,469,0.003699635,0
2418,20.7,24.575,0,472.25,0.003705955,0
2419,20.7,24.6,0,475.4,0.003709748,0
2420,20.7,24.5,0,474.25,0.003694578,0
2421,20.7,24.5,0,470.25,0.003694578,0
2422,20.7,24.53333333,0,478,0.003699635,0
2423,20.7,24.56,0,469.4,0.00370368,0
2424,20.7,24.53333333,0,468.3333333,0.003699635,0
2425,20.7,24.6,0,469.25,0.003709748,0
2426,20.7,24.6,0,468,0.003709748,0
2427,20.7,24.6,0,473,0.003709748,0
2428,20.7,24.56666667,0,474.3333333,0.003704691,0
2429,20.7,24.5,0,475.75,0.003694578,0
2430,20.7,24.5,0,473.5,0.003694578,0
2431,20.7,24.5,0,474.75,0.003694578,0
2432,20.7,24.5,0,472,0.003694578,0
2433,20.7,24.5,0,468.25,0.003694578,0
2434,20.7,24.5,0,471.5,0.003694578,0
2435,20.7,24.5,0,469,0.003694578,0
2436,20.7,24.5,0,468,0.003694578,0
2437,20.7,24.5,0,471.5,0.003694578,0
2438,20.7,24.5,0,469.6,0.003694578,0
2439,20.7,24.5,0,466.6,0.003694578,0
2440,20.7,24.5,0,462.6666667,0.003694578,0
2441,20.7,24.5,0,461.3333333,0.003694578,0
2442,20.7,24.5,0,463.75,0.003694578,0
2443,20.7,24.5,0,466.25,0.003694578,0
2444,20.7,24.5,0,468.25,0.003694578,0
2445,20.7,24.5,0,470.6,0.003694578,0
2446,20.7,24.5,0,467.6666667,0.003694578,0
2447,20.7,24.5,0,469,0.003694578,0
2448,20.7,24.5,0,464.25,0.003694578,0
2449,20.7,24.5,0,468,0.003694578,0
2450,20.7,24.5,0,468.75,0.003694578,0
2451,20.7,24.5,0,472.3333333,0.003694578,0
2452,20.7,24.5,0,468.6666667,0.003694578,0
2453,20.7,24.5,0,467.6666667,0.003694578,0
2454,20.7,24.5,0,462.3333333,0.003694578,0
2455,20.7,24.5,0,463.5,0.003694578,0
2456,20.7,24.5,0,467.4,0.003694578,0
2457,20.7,24.5,0,465.6666667,0.003694578,0
2458,20.7,24.5,0,465.75,0.003694578,0
2459,20.7,24.5,0,469.75,0.003694578,0
2460,20.7,24.5,0,463.3333333,0.003694578,0
2461,20.62,24.412,0,462.6,0.003663017,0
2462,20.7,24.5,0,468.25,0.003694578,0
2463,20.7,24.5,0,469.25,0.003694578,0
2464,20.675,24.4725,0,469,0.003684692,0
2465,20.66666667,24.46333333,0,471.3333333,0.003681402,0
2466,20.625,24.4175,0,467.75,0.003664984,0
2467,20.7,24.5,0,459,0.003694578,0
2468,20.68,24.478,0,464.6,0.003686668,0
2469,20.66666667,24.46333333,0,467.6666667,0.003681402,0
2470,20.7,24.5,0,473.25,0.003694578,0
2471,20.7,24.5,0,471,0.003694578,0
2472,20.675,24.4725,0,465.75,0.003684692,0
2473,20.7,24.5,0,461.5,0.003694578,0
2474,20.675,24.4725,0,464.5,0.003684692,0
2475,20.7,24.5,0,464.8,0.003694578,0
2476,20.63333333,24.42666667,0,468.3333333,0.003668263,0
2477,20.66666667,24.46333333,0,464.3333333,0.003681402,0
2478,20.6,24.39,0,463.2,0.003655161,0
2479,20.66666667,24.46333333,0,465.3333333,0.003681402,0
2480,20.675,24.4725,0,464.25,0.003684692,0
2481,20.64,24.434,0,460,0.003670888,0
2482,20.7,24.5,0,461,0.003694578,0
2483,20.66666667,24.46333333,0,467,0.003681402,0
2484,20.64,24.434,0,462.2,0.003670888,0
2485,20.6,24.39,0,459.75,0.003655161,0
2486,20.65,24.445,0,455.25,0.003674828,0
2487,20.625,24.4175,0,455.25,0.003664984,0
2488,20.6,24.39,0,461.3333333,0.003655161,0
2489,20.6,24.39,0,465.25,0.003655161,0
2490,20.6,24.39,0,464.75,0.003655161,0
2491,20.6,24.39,0,464.8,0.003655161,0
2492,20.6,24.39,0,463.5,0.003655161,0
2493,20.625,24.4175,0,463.5,0.003664984,0
2494,20.6,24.39,0,465.6666667,0.003655161,0
2495,20.625,24.4175,0,464.5,0.003664984,0
2496,20.62,24.412,0,467.6,0.003663017,0
2497,20.625,24.4175,0,459.5,0.003664984,0
2498,20.625,24.4175,0,457.5,0.003664984,0
2499,20.6,24.39,0,463.3333333,0.003655161,0
2500,20.6,24.39,0,465,0.003655161,0
2501,20.6,24.39,0,468.25,0.003655161,0
2502,20.6,24.39,0,465,0.003655161,0
2503,20.6,24.39,0,464.5,0.003655161,0
2504,20.6,24.34,0,465.5,0.003647623,0
2505,20.6,24.39,0,465.75,0.003655161,0
2506,20.6,24.39,0,469.75,0.003655161,0
2507,20.6,24.39,0,468.2,0.003655161,0
2508,20.6,24.365,0,463.5,0.003651392,0
2509,20.6,24.34,0,461.5,0.003647623,0
2510,20.6,24.39,0,464,0.003655161,0
2511,20.6,24.365,0,464,0.003651392,0
2512,20.61666667,24.32333333,0,466.5,0.003648881,0
2513,20.63333333,24.32333333,0,461,0.003652654,0
2514,20.625,24.315,0,459.25,0.003649509,0
2515,20.66,24.312,0,459.6,0.003656983,0
2516,20.6,24.2,0,460.3333333,0.003626521,0
2517,20.6,24.2,0,458.5,0.003626521,0
2518,20.6,24.2,0,460,0.003626521,0
2519,20.625,24.2925,0,464.5,0.003646112,0
2520,20.62,24.236,0,467.2,0.003636454,0
2521,20.6,24.2,0,456,0.003626521,0
2522,20.6,24.2,0,459.5,0.003626521,0
2523,20.6,24.2,0,460.3333333,0.003626521,0
2524,20.6,24.2,0,462.2,0.003626521,0
2525,20.6,24.2,0,460.5,0.003626521,0
2526,20.6,24.2,0,464.25,0.003626521,0
2527,20.63333333,24.23,0,464.3333333,0.003638556,0
2528,20.6,24.2,0,465.75,0.003626521,0
2529,20.6,24.2,0,463.5,0.003626521,0
2530,20.6,24.2,0,466.2,0.003626521,0
2531,20.6,24.2,0,466.25,0.003626521,0
2532,20.6,24.2,0,466,0.003626521,0
2533,20.6,24.2,0,463.25,0.003626521,0
2534,20.575,24.2,0,466.75,0.003620902,0
2535,20.6,24.2,0,467.6666667,0.003626521,0
2536,20.6,24.2,0,463.5,0.003626521,0
2537,20.6,24.2,0,459.25,0.003626521,0
2538,20.6,24.2,0,463.25,0.003626521,0
2539,20.575,24.2,0,463,0.003620902,0
2540,20.53333333,24.2,0,459.3333333,0.003611554,0
2541,20.55,24.2,0,463,0.00361529,0
2542,20.575,24.2,0,460.75,0.003620902,0
2543,20.56,24.2,0,462.4,0.003617534,0
2544,20.52,24.2,0,464,0.003608567,0
2545,20.53333333,24.2,0,462.6666667,0.003611554,0
2546,20.55,24.2,0,467,0.00361529,0
2547,20.6,24.2,0,468,0.003626521,0
2548,20.6,24.1,0,463.25,0.003611448,0
2549,20.6,24.175,0,462.5,0.003622752,0
2550,20.6,24.1,0,467.75,0.003611448,0
2551,20.66666667,24.16666667,0,467.6666667,0.003636496,0
2552,20.6,24.1,0,466.25,0.003611448,0
2553,20.6,24.1,0,466.5,0.003611448,0
2554,20.6,24.1,0,467.5,0.003611448,0
2555,20.6,24.1,0,464.5,0.003611448,0
2556,20.6,24.1,0,460.5,0.003611448,0
2557,20.6,24.03333333,0,457,0.0036014,0
2558,20.6,24.08,0,459.4,0.003608433,0
2559,20.63333333,24.06666667,0,465,0.003613886,0
2560,20.6,24.05,0,465.75,0.003603912,0
2561,20.625,24.05,0,468.75,0.003609503,0
2562,20.6,24,0,463.5,0.003596376,0
2563,20.6,24.05,0,463.25,0.003603912,0
2564,20.6,24,0,466.3333333,0.003596376,0
2565,20.6,24.02,0,467.8,0.00359939,0
2566,20.575,24.075,0,463.25,0.00360209,0
2567,20.525,24.1,0,468.75,0.003594685,0
2568,20.56666667,24.1,0,465,0.003603989,0
2569,20.525,24.1,0,464.75,0.003594685,0
2570,20.54,24.1,0,466.4,0.003598032,0
2571,20.5,24.1,0,467,0.003589112,0
2572,20.5,24.15,0,466.75,0.003596602,0
2573,20.525,24.1,0,468.75,0.003594685,0
2574,20.5,24.2,0,468.6666667,0.003604091,0
2575,20.5,24.2,0,466.75,0.003604091,0
2576,20.5,24.2,0,462.5,0.003604091,0
2577,20.525,24.1,0,465.5,0.003594685,0
2578,20.54,24.1,0,463.8,0.003598032,0
2579,20.5,24.1,0,467.3333333,0.003589112,0
2580,20.56666667,24.1,0,466.75,0.003603989,0
2581,20.5,24.1,0,466.8,0.003589112,0
2582,20.5,24.1,0,464,0.003589112,0
2583,20.52,24.1,0,461.4,0.00359357,0
2584,20.5,24.1,0,464.6666667,0.003589112,0
2585,20.5,24.1,0,465.5,0.003589112,0
2586,20.5,24.1,0,467.6666667,0.003589112,0
2587,20.5,24.1,0,473.5,0.003589112,0
2588,20.52,24.1,0,469.8,0.00359357,0
2589,20.5,24.1,0,469.6666667,0.003589112,0
2590,20.5,24.1,0,470.6,0.003589112,0
2591,20.5,24.1,0,468,0.003589112,0
2592,20.5,24.1,0,468.5,0.003589112,0
2593,20.5,24.1,0,470,0.003589112,0
2594,20.4725,24.05,0,472.75,0.003575515,0
2595,20.5,24.075,0,466.75,0.003585368,0
2596,20.4725,24.0225,0,466,0.003571403,0
2597,20.42666667,23.96,0,467.3333333,0.003551937,0
2598,20.4725,23.9975,0,468.5,0.003567665,0
2599,20.456,23.956,0,470.8,0.003557814,0
2600,20.5,24,0,472,0.003574134,0
2601,20.478,23.978,0,470,0.003565967,0
2602,20.445,23.945,0,466.6666667,0.003553743,0
2603,20.5,24,0,461.4,0.003574134,0
2604,20.39,23.89,0,462.6666667,0.003533446,0
2605,20.4725,23.89,0,464.75,0.003551592,0
2606,20.5,23.89,0,473.5,0.003557659,0
2607,20.456,23.85,0,472.5,0.003541982,0
2608,20.42666667,23.82333333,0,473,0.003531562,0
2609,20.46333333,23.85666667,0,473,0.003544591,0
2610,20.445,23.82333333,0,469.8333333,0.003535584,0
2611,20.445,23.8175,0,469.25,0.003534713,0
2612,20.4175,23.7475,0,471.75,0.003518253,0
2613,20.42666667,23.76,0,472.6666667,0.00352212,0
2614,20.4175,23.7225,0,471.5,0.003514529,0
2615,20.4725,23.7675,0,471,0.003533277,0
2616,20.39,23.7,0,472,0.003505185,0
2617,20.434,23.736,0,468.8,0.003520145,0
2618,20.42666667,23.73,56.33333333,471.6666667,0.003517648,0
2619,20.39,23.7,311.75,474.75,0.003505185,1
2620,20.4175,23.7225,426,473.5,0.003514529,1
2621,20.4725,23.7675,433,473.75,0.003533277,1
2622,20.48166667,23.89,423.6666667,484.5,0.003553613,1
2623,20.5,23.89,419,492.4,0.003557659,1
2624,20.5,23.89,419,491,0.003557659,1
2625,20.5,23.89,419,487.2,0.003557659,1
2626,20.55,23.945,415.5,493.25,0.003576976,1
2627,20.52,24,409.8,499.6,0.003578573,1
2628,20.525,24,414.6,506.2,0.003579683,1
2629,20.6,24.08333333,413,507.3333333,0.003608936,0
2630,20.6,24.1,414.6,514.6,0.003611448,0
2631,20.6,24.175,407.5,522.25,0.003622752,0
2632,20.6,24.2,406.6,525.6,0.003626521,0
2633,20.6,24.2,399.5,528,0.003626521,0
2634,20.63333333,24.23,398.3333333,537.3333333,0.003638556,1
2635,20.66,24.2,406.2,538.8,0.003640037,1
2636,20.625,24.175,414,538.5,0.003628373,1
2637,20.66,24.216,412.2,535.8,0.003642458,1
2638,20.675,24.34,411,538.75,0.003664625,1
2639,20.7,24.5,408,546.25,0.003694578,1
2640,20.7,24.65,405,554.6666667,0.003717333,1
2641,20.7,24.7,405,565.3333333,0.003724918,1
2642,20.7,24.7675,405,573,0.003735159,1
2643,20.71285714,24.79,405,581.1428571,0.003741553,1
2644,20.7,24.79,405,587.25,0.003738573,1
2645,20.754,24.87,413.4,588.2,0.003763282,1
2646,20.775,24.89,416.6666667,589.5,0.00377123,1
2647,20.772,24.956,419,592,0.003780588,1
2648,20.79,24.978,419,599.8,0.003788163,1
2649,20.79,25,419,605.4,0.00379152,1
2650,20.79,24.9975,419,611.25,0.003791139,1
2651,20.81,25.02,419,616.4,0.003799275,1
2652,20.865,25.075,419,621,0.003820668,1
2653,20.82333333,25.03333333,419,622.6666667,0.003804453,1
2654,20.85666667,25.06666667,419,624,0.003817421,1
2655,20.84,25.05,419,623.75,0.003810932,1
2656,20.87,25.16,433,632.4,0.003834886,1
2657,20.89,25.2,433,639,0.003845779,1
2658,20.87333333,25.275,433,646,0.003853318,1
2659,20.84,25.1975,433,649.5,0.00383351,1
2660,20.89,25.272,433,649.8,0.003856835,1
2661,20.865,25.365,433,656.75,0.00386513,1
2662,20.84,25.34,433,660.75,0.003855324,1
2663,20.87333333,25.37333333,437.6666667,659.3333333,0.003868403,1
2664,20.87,25.37,440.6,671.6,0.003867094,1
2665,20.84,25.34,442.5,673.5,0.003855324,1
2666,20.865,25.365,438,678.25,0.00386513,1
2667,20.89,25.39,441,681,0.003874956,1
2668,20.89,25.35,429,683,0.003868813,1
2669,20.89,25.33,429,689.4,0.003865742,1
2670,20.89,25.34,429,694.25,0.003867278,1
2671,20.912,25.39,435,690.4,0.003880236,1
2672,20.945,25.39,444,697.3333333,0.003888169,1
2673,20.9725,25.39,444,710.25,0.00389479,1
2674,20.956,25.39,444,717.8,0.003890816,0
2675,21,25.39,444,720.75,0.003901421,0
2676,21,25.412,444,721.4,0.003904823,0
2677,21,25.39,444,718,0.003901421,0
2678,21,25.35666667,444,715.5,0.003896267,0
2679,21,25.29,447.2,713,0.003885959,0
2680,21,25.29,456.8,714.8,0.003885959,0
2681,21,25.245,460,714.5,0.003879002,1
2682,21,25.2,454.75,711,0.003872044,1
2683,21,25.2,453,705,0.003872044,1
2684,21,25.2,451.6,711,0.003872044,1
2685,21.025,25.2225,454.75,713.5,0.00388152,1
2686,21.08333333,25.2,453,719.5,0.003892047,1
2687,21.06666667,25.2,458,727.6666667,0.003888039,1
2688,21.11666667,25.2,458,728.6666667,0.003900074,1
2689,21.15,25.2225,459.25,731.25,0.003911626,1
2690,21.2,25.22833333,454,738.5,0.00392464,1
2691,21.2,25.18,454,740.2,0.003917073,1
2692,21.2,25.1,454,735.75,0.00390455,1
2693,21.2,25.14,454,735,0.003910812,1
2694,21.215,25.215,456.5,746.1666667,0.003926188,1
2695,21.2,25.2,465.25,762.75,0.003920204,1
2696,21.2,25.2,469,766.2,0.003920204,1
2697,21.2,25.218,469,763.4,0.003923022,1
2698,21.215,25.29166667,462.3333333,773.8333333,0.003938201,0
2699,21.2,25.29,464,777.75,0.003934293,0
2700,21.2,25.35666667,462.3333333,778,0.00394473,1
2701,21.2,25.37,470.2,778.4,0.003946818,1
2702,21.2225,25.34,475.75,774.75,0.003947603,1
2703,21.236,25.33,471,774,0.003949326,1
2704,21.29,25.4725,480.25,778,0.003984948,1
2705,21.29,25.42666667,487,779,0.003977732,1
2706,21.272,25.412,503.6,780.6,0.003971009,1
2707,21.29,25.575,509.5,786.25,0.004001087,1
2708,21.29,25.6725,527.25,800.75,0.004016439,1
2709,21.34,25.79,524.5,814,0.004047411,1
2710,21.412,25.872,529.8,832,0.004078439,1
2711,21.5,26,534,849.25,0.00412105,1
2712,21.5,26.08,544,860.6,0.004133814,1
2713,21.6,26.15,538,871,0.004170603,1
2714,21.66,26.216,553,879.5,0.004196678,1
2715,21.7,26.2675,542.5,894,0.004215345,1
2716,21.7225,26.2225,547,905.5,0.004213906,1
2717,21.79,26.39,559.2,911.2,0.004258657,1
2718,21.81,26.274,567.8,919.2,0.004245029,1
2719,21.865,26.315,554,923.5,0.004266102,1
2720,21.89,26.315,563,931.75,0.004272664,1
2721,21.89,26.315,564.5,934.75,0.004272664,1
2722,21.945,26.2225,577.5,934.75,0.004271957,1
2723,22,26.12,578.8,939,0.004269545,1
2724,22,26.06666667,581.6666667,936.6666667,0.004260767,1
2725,22.08571429,26.12857143,580,936.4285714,0.004293491,1
2726,22.1,26.1,596,936.5,0.004292526,1
2727,22.1,26.1,594.8,937.6,0.004292526,1
2728,22.14,25.998,603.4,937.8,0.004286142,1
2729,22.2,26,608.25,946,0.004302279,0
2730,22.29,25.96333333,606.6666667,950.3333333,0.004319939,0
2731,22.29,25.89,612,937.3333333,0.004307653,1
2732,22.29,25.85666667,611,943.6666667,0.004302068,1
2733,22.32333333,25.80666667,617,946.1666667,0.00430247,1
2734,22.39,25.7,624.75,944.5,0.004302096,1
2735,22.39,25.68,630.4,944.4,0.004298725,1
2736,22.445,25.65,632.5,948,0.00430815,1
2737,22.5,25.66666667,652,940.3333333,0.004325504,1
2738,22.5,25.6,643.5,944.3333333,0.004314191,1
2739,22.56666667,25.6,648.6666667,942.1666667,0.00433182,1
2740,22.6,25.6,767,948.6666667,0.004340659,1
2741,22.6,25.4725,1419.5,945,0.00431889,1
2742,22.7,25.5,1697.25,951.75,0.00435009,1
2743,22.7,25.456,1209.8,958.6,0.004342532,1
2744,22.7225,25.4175,685.75,956.25,0.004341882,1
2745,22.7675,25.315,684.75,952.25,0.004336152,1
2746,22.79,25.456,679.4,954.6,0.004366467,1
2747,22.82333333,25.39333333,683,961.6666667,0.004364515,1
2748,22.89,25.39,692,961.75,0.004381728,1
2749,22.89,25.39,693.8,953.8,0.004381728,1
2750,22.90833333,25.39,689,956.3333333,0.004386631,1
2751,22.9725,25.39,693.75,970,0.004403831,1
2752,23,25.39,686.5,971.25,0.004411221,1
2753,23.025,25.4175,698.25,986.25,0.004422767,1
2754,23.1,25.5,694.8333333,985,0.00445755,1
2755,23.1,25.5,690,997,0.00445755,1
2756,23.2,25.5,696.8,1003.8,0.004484778,1
2757,23.2,25.5,710,1004.833333,0.004484778,1
2758,23.2,25.5,722,1011.4,0.004484778,1
2759,23.29,25.6,732,1022.5,0.004527221,1
2760,23.29,25.6,735,1029.833333,0.004527221,1
2761,23.31,25.6,719.2,1031,0.004532732,1
2762,23.39,25.6,723.3333333,1040,0.004554837,1
2763,23.365,25.6,729,1040.5,0.004547919,1
2764,23.39,25.6,738,1042,0.004554837,1
2765,23.456,25.66,738,1052.4,0.004583942,1
2766,23.5,25.718,734.4,1062.8,0.004606679,1
2767,23.58,25.736,738,1067.75,0.004632378,1
2768,23.6,25.89,747,1072.25,0.004665967,1
2769,23.64,25.954,745.2,1095.2,0.004688959,1
2770,23.66666667,26.06666667,746.3333333,1109,0.004717095,1
2771,23.7,26.12,737.8,1119,0.004736389,1
2772,23.718,26.1,745,1123.4,0.004737906,1
2773,23.79,26.125,740.5,1122.5,0.004763231,1
2774,23.745,26.2,754,1123,0.004763993,1
2775,23.79,26.31,763,1158.2,0.004797221,1
2776,23.79,26.315,758.25,1160.25,0.00479814,1
2777,23.89,26.39,755.5,1166,0.004841175,1
2778,23.89,26.365,758.25,1164.75,0.004836553,1
2779,23.89,26.29,772.75,1163.25,0.004822688,1
2780,23.98428571,26.37571429,767,1172.714286,0.004866244,1
2781,24,26.365,774.5,1182,0.004868882,1
2782,24.05,26.34,774.5,1182,0.004878973,1
2783,24.08,26.37,769.8,1187.6,0.004893449,1
2784,24.1,26.56666667,758.3333333,1191.333333,0.004936203,1
2785,24.1,26.4725,775.75,1213.75,0.004918568,1
2786,24.1,26.154,775,1194,0.004858929,1
2787,24.1,25.958,783.4,1173.4,0.004822233,1
2788,24.1,25.918,789.6,1160.2,0.004814745,1
2789,24.1,25.8925,797.5,1156.25,0.004809971,1
2790,24.1,25.832,799,1139,0.004798646,1
2791,24.175,25.84,782.5,1140.5,0.004821963,1
2792,24.2,25.89166667,786.1666667,1145.333333,0.004838987,1
2793,24.2,25.89,794.25,1149.25,0.004838673,1
2794,24.2,25.89,797.5,1152.5,0.004838673,1
2795,24.2,25.89,787,1153.25,0.004838673,1
2796,24.218,25.912,805,1152.4,0.004848089,1
2797,24.26,25.89166667,798,1146.166667,0.004856565,1
2798,24.29,25.978,793,1145.4,0.004881725,1
2799,24.29,25.852,801.4,1140.8,0.004857863,1
2800,24.29,25.7,808,1150.25,0.004829079,1
2801,24.33,25.736,809.8,1129.2,0.004847592,1
2802,24.33,25.7,817,1125.8,0.004840759,1
2803,24.35666667,25.7,813,1123,0.004848559,1
2804,24.40833333,25.68166667,798,1124,0.004860208,1
